name,url,old_url
"Badan Karantina Indonesia > LPSE Kementerian Pertanian","https://spse.inaproc.id/pertanian","https://lpse.pertanian.go.id"
"Badan Pangan Nasional > LPSE Kementerian Pertanian","https://spse.inaproc.id/pertanian","https://lpse.pertanian.go.id"
"Kementerian Pertanian > LPSE Kementerian Pertanian","https://spse.inaproc.id/pertanian","https://lpse.pertanian.go.id"
"Provinsi DKI Jakarta > LPSE Provinsi Daerah Khusus Ibukota Jakarta","https://spse.inaproc.id/jakarta","https://lpse.jakarta.go.id"
"Provinsi Bangka Belitung > LPSE Provinsi Kepulauan Bangka Belitung","https://spse.inaproc.id/babelprov","https://lpse.babelprov.go.id"
"Kab. Lampung Selatan > SPSE Nasional","https://spse.inaproc.id/nasional","https://spse.lkpp.go.id"
"Kab. Lampung Timur > SPSE Nasional","https://spse.inaproc.id/nasional","https://spse.lkpp.go.id"
"Kab. Maybrat > SPSE Nasional","https://spse.inaproc.id/nasional","https://spse.lkpp.go.id"
"Kab. Tulang Bawang > SPSE Nasional","https://spse.inaproc.id/nasional","https://spse.lkpp.go.id"
"Otorita Ibu Kota Nusantara (OIKN) > SPSE Nasional","https://spse.inaproc.id/nasional","https://spse.lkpp.go.id"
"Provinsi Papua Pegunungan > SPSE Nasional","https://spse.inaproc.id/nasional","https://spse.lkpp.go.id"
"Provinsi Papua Selatan > SPSE Nasional","https://spse.inaproc.id/nasional","https://spse.lkpp.go.id"
"Provinsi Papua Tengah > SPSE Nasional","https://spse.inaproc.id/nasional","https://spse.lkpp.go.id"
"Kab. Katingan > LPSE Kabupaten Katingan","https://spse.inaproc.id/katingankab","https://lpse.katingankab.go.id"
"Universitas Syiah Kuala > SPSE Nasional","https://spse.inaproc.id/nasional","https://spse.lkpp.go.id"
"Universitas Indonesia > SPSE Nasional","https://spse.inaproc.id/nasional","https://spse.lkpp.go.id"
"Institut Teknologi Sepuluh November > SPSE Nasional","https://spse.inaproc.id/nasional","https://spse.lkpp.go.id"
"Universitas Andalas > SPSE Nasional","https://spse.inaproc.id/nasional","https://spse.lkpp.go.id"
"Universitas Hasanuddin > SPSE Nasional","https://spse.inaproc.id/nasional","https://spse.lkpp.go.id"
"Universitas Diponegoro > SPSE Nasional","https://spse.inaproc.id/nasional","https://spse.lkpp.go.id"
"Universitas Airlangga > SPSE Nasional","https://spse.inaproc.id/nasional","https://spse.lkpp.go.id"
"Kab. Malaka > LPSE Kabupaten Malaka","https://spse.inaproc.id/malakakab","https://lpse.malakakab.go.id"
"Universitas Sumatera Utara > LPSE Universitas Sumatera Utara","https://spse.inaproc.id/usu","https://lpse.usu.ac.id"
"Universitas Indonesia > LPSE Universitas Indonesia","https://spse.inaproc.id/ui","https://lpse.ui.ac.id"
"Universitas Diponegoro > LPSE Universitas Diponegoro","https://spse.inaproc.id/undip","https://lpse.undip.ac.id"
"Sekretariat Kabinet > LPSE Lembaga Kebijakan Pengadaan Barang/Jasa Pemerintah","https://spse.inaproc.id/lkpp","https://lpse.lkpp.go.id"
"Pusat Pelaporan Dan Analisis Transaksi Keuangan > LPSE Kementerian Keuangan","https://spse.inaproc.id/kemenkeu","https://lpse.kemenkeu.go.id"
"Provinsi Sumatera Utara > LPSE Provinsi Sumatera Utara","https://spse.inaproc.id/sumutprov","https://lpse.sumutprov.go.id"
"Provinsi Sumatera Selatan > LPSE Provinsi Sumatera Selatan","https://spse.inaproc.id/sumselprov","https://lpse.sumselprov.go.id"
"Provinsi Sumatera Barat > LPSE Provinsi Sumatera Barat","https://spse.inaproc.id/sumbarprov","https://lpse.sumbarprov.go.id"
"Provinsi Sulawesi Utara > LPSE Provinsi Sulawesi Utara","https://spse.inaproc.id/sulutprov","https://lpse.sulutprov.go.id"
"Provinsi Sulawesi Tenggara > LPSE Provinsi Sulawesi Tenggara","https://spse.inaproc.id/sultraprov","https://lpse.sultraprov.go.id"
"Provinsi Sulawesi Tengah > LPSE Provinsi Sulawesi Tengah","https://spse.inaproc.id/sultengprov","https://lpse.sultengprov.go.id"
"Provinsi Sulawesi Selatan > LPSE Provinsi Sulawesi Selatan","https://spse.inaproc.id/sulselprov","https://lpse.sulselprov.go.id"
"Provinsi Sulawesi Barat > LPSE Provinsi Sulawesi Barat","https://spse.inaproc.id/sulbarprov","https://lpse.sulbarprov.go.id"
"Provinsi Riau > LPSE Provinsi Riau","https://spse.inaproc.id/riau","https://lpse.riau.go.id"
"Provinsi Papua Barat Daya > LPSE Kota Sorong","https://spse.inaproc.id/sorongkota","https://lpse.sorongkota.go.id"
"Provinsi Papua Barat > LPSE Provinsi Papua Barat","https://spse.inaproc.id/papuabaratprov","https://tender.papuabaratprov.go.id"
"Provinsi Papua > LPSE Provinsi Papua","https://spse.inaproc.id/papua","https://lpse.papua.go.id"
"Provinsi Nusa Tenggara Timur > LPSE Provinsi Nusa Tenggara Timur","https://spse.inaproc.id/nttprov","https://lpse.nttprov.go.id"
"Provinsi Nusa Tenggara Barat > LPSE Provinsi Nusa Tenggara Barat","https://spse.inaproc.id/ntbprov","https://lpse.ntbprov.go.id"
"Provinsi Maluku Utara > LPSE Provinsi Maluku Utara","https://spse.inaproc.id/malutprov","https://lpse.malutprov.go.id"
"Provinsi Maluku > LPSE Provinsi Maluku","https://spse.inaproc.id/malukuprov","https://lpse.malukuprov.go.id"
"Provinsi Lampung > LPSE Provinsi Lampung","https://spse.inaproc.id/lampungprov","https://lpse.lampungprov.go.id"
"Provinsi Kepulauan Riau > LPSE Provinsi Kepulauan Riau","https://spse.inaproc.id/kepriprov","https://lpse.kepriprov.go.id"
"Provinsi Kalimantan Utara > LPSE Provinsi Kalimantan Utara","https://spse.inaproc.id/kaltaraprov","https://lpse.kaltaraprov.go.id"
"Provinsi Kalimantan Timur > LPSE Provinsi Kalimantan Timur","https://spse.inaproc.id/kaltimprov","https://lpse.kaltimprov.go.id"
"Provinsi Kalimantan Tengah > LPSE Provinsi Kalimantan Tengah","https://spse.inaproc.id/kalteng","https://lpse.kalteng.go.id"
"Provinsi Kalimantan Selatan > LPSE Provinsi Kalimantan Selatan","https://spse.inaproc.id/kalselprov","https://lpse.kalselprov.go.id"
"Provinsi Kalimantan Barat > LPSE Provinsi Kalimantan Barat","https://spse.inaproc.id/kalbarprov","https://lpse.kalbarprov.go.id"
"Provinsi Jawa Timur > LPSE Provinsi Jawa Timur","https://spse.inaproc.id/jatimprov","https://lpse.jatimprov.go.id"
"Provinsi Jawa Tengah > LPSE Provinsi Jawa Tengah","https://spse.inaproc.id/jatengprov","https://lpse.jatengprov.go.id"
"Provinsi Jawa Barat > LPSE Provinsi Jawa Barat","https://spse.inaproc.id/jabarprov","https://lpse.jabarprov.go.id"
"Provinsi Jambi > LPSE Provinsi Jambi","https://spse.inaproc.id/jambiprov","https://lpse.jambiprov.go.id"
"Provinsi Gorontalo > LPSE Provinsi Gorontalo","https://spse.inaproc.id/gorontaloprov","https://lpse.gorontaloprov.go.id"
"Provinsi DI Yogyakarta > LPSE Provinsi Daerah Istimewa Yogyakarta","https://spse.inaproc.id/jogjaprov","https://lpse.jogjaprov.go.id"
"Provinsi Bengkulu > LPSE Provinsi Bengkulu","https://spse.inaproc.id/bengkuluprov","https://lpse.bengkuluprov.go.id"
"Provinsi Banten > LPSE Provinsi Banten","https://spse.inaproc.id/bantenprov","https://lpse.bantenprov.go.id"
"Provinsi Bali > LPSE Provinsi Bali","https://spse.inaproc.id/baliprov","https://lpse.baliprov.go.id"
"Perpustakaan Nasional Republik Indonesia > LPSE Kementerian Keuangan","https://spse.inaproc.id/kemenkeu","https://lpse.kemenkeu.go.id"
"Ombudsman Republik Indonesia > LPSE Lembaga Kebijakan Pengadaan Barang/Jasa Pemerintah","https://spse.inaproc.id/lkpp","https://lpse.lkpp.go.id"
"Majelis Permusyawaratan Rakyat > LPSE Majelis Permusyawaratan Rakyat Republik Indonesia","https://spse.inaproc.id/mpr","https://lpse.mpr.go.id"
"Mahkamah Konstitusi Ri > LPSE Mahkamah Konstitusi","https://spse.inaproc.id/mkri","https://lpse.mkri.id"
"Mahkamah Agung > LPSE Mahkamah Agung Republik Indonesia","https://spse.inaproc.id/mahkamahagung","https://lpse.mahkamahagung.go.id"
"Lembaga Penyiaran Radio Republik Indonesia > LPSE Lembaga Kebijakan Pengadaan Barang/Jasa Pemerintah","https://spse.inaproc.id/lkpp","https://lpse.lkpp.go.id"
"Lembaga Penyiaran Publik Televisi Republik Indonesia > LPSE Televisi Republik Indonesia","https://spse.inaproc.id/tvri","https://lpse.tvri.go.id"
"Lembaga Ketahanan Nasional > LPSE Lembaga Ketahanan Nasional","https://spse.inaproc.id/lemhannas","https://lpse.lemhannas.go.id"
"Lembaga Kebijakan Pengadaan Barang/Jasa Pemerintah > LPSE Lembaga Kebijakan Pengadaan Barang/Jasa Pemerintah","https://spse.inaproc.id/lkpp","https://lpse.lkpp.go.id"
"Lembaga Administrasi Negara > LPSE Kementerian Keuangan","https://spse.inaproc.id/kemenkeu","https://lpse.kemenkeu.go.id"
"Kota Yogyakarta > LPSE Kota Yogyakarta","https://spse.inaproc.id/jogjakota","https://lpse.jogjakota.go.id"
"Kota Tual > LPSE Kota Tual","https://spse.inaproc.id/tualkota","https://lpse.tualkota.go.id"
"Kota Tomohon > LPSE Kota Tomohon","https://spse.inaproc.id/tomohon","https://lpse.tomohon.go.id"
"Kota Tidore Kepulauan > LPSE Kota Tidore Kepulauan","https://spse.inaproc.id/tidorekota","https://lpse.tidorekota.go.id"
"Kota Ternate > LPSE Kota Ternate","https://spse.inaproc.id/ternatekota","https://lpse.ternatekota.go.id"
"Kota Tegal > LPSE Kota Tegal","https://spse.inaproc.id/tegalkota","https://lpse.tegalkota.go.id"
"Kota Tebing Tinggi > LPSE Kota Tebing Tinggi","https://spse.inaproc.id/tebingtinggikota","https://lpse.tebingtinggikota.go.id"
"Kota Tasikmalaya > LPSE Kota Tasikmalaya","https://spse.inaproc.id/tasikmalayakota","https://lpse.tasikmalayakota.go.id"
"Kota Tarakan > LPSE Kota Tarakan","https://spse.inaproc.id/tarakankota","https://lpse.tarakankota.go.id"
"Kota Tanjung Pinang > LPSE Kota Tanjung Pinang","https://spse.inaproc.id/tanjungpinangkota","https://lpse.tanjungpinangkota.go.id"
"Kota Tanjung Balai > LPSE Kota Tanjung Balai","https://spse.inaproc.id/tanjungbalaikota","https://lpse.tanjungbalaikota.go.id"
"Kota Tangerang Selatan > LPSE Kota Tangerang Selatan","https://spse.inaproc.id/tangerangselatankota","https://lpse.tangerangselatankota.go.id"
"Kota Tangerang > LPSE Kota Tangerang","https://spse.inaproc.id/tangerangkota","https://lpse.tangerangkota.go.id"
"Kota Surakarta > LPSE Kota Surakarta","https://spse.inaproc.id/surakarta","https://lpse.surakarta.go.id"
"Kota Surabaya > LPSE Kota Surabaya","https://spse.inaproc.id/surabaya","https://lpse.surabaya.go.id"
"Kota Sungai Penuh > LPSE Kota Sungai Penuh","https://spse.inaproc.id/sungaipenuhkota","https://lpse.sungaipenuhkota.go.id"
"Kota Sukabumi > LPSE Provinsi Jawa Barat","https://spse.inaproc.id/jabarprov","https://lpse.jabarprov.go.id"
"Kota Subulussalam > LPSE Kota Subulussalam","https://spse.inaproc.id/subulussalamkota","https://lpse.subulussalamkota.go.id"
"Kota Sorong > LPSE Kota Sorong","https://spse.inaproc.id/sorongkota","https://lpse.sorongkota.go.id"
"Kota Solok > LPSE Kota Solok","https://spse.inaproc.id/solokkota","https://lpse.solokkota.go.id"
"Kota Singkawang > LPSE Kota Singkawang","https://spse.inaproc.id/singkawangkota","https://lpse.singkawangkota.go.id"
"Kota Sibolga > LPSE Kota Sibolga","https://spse.inaproc.id/sibolgakota","https://lpse.sibolgakota.go.id"
"Kota Serang > LPSE Kota Serang","https://spse.inaproc.id/serangkota","https://lpse.serangkota.go.id"
"Kota Semarang > LPSE Kota Semarang","https://spse.inaproc.id/semarangkota","https://lpse.semarangkota.go.id"
"Kota Sawahlunto > LPSE Kota Sawahlunto","https://spse.inaproc.id/sawahluntokota","https://lpse.sawahluntokota.go.id"
"Kota Samarinda > LPSE Kota Samarinda","https://spse.inaproc.id/samarindakota","https://lpse.samarindakota.go.id"
"Kota Salatiga > LPSE Kota Salatiga","https://spse.inaproc.id/salatiga","https://lpse.salatiga.go.id"
"Kota Sabang > LPSE Kota Sabang","https://spse.inaproc.id/sabangkota","https://lpse.sabangkota.go.id"
"Kota Probolinggo > LPSE Kota Probolinggo","https://spse.inaproc.id/probolinggokota","https://lpse.probolinggokota.go.id"
"Kota Prabumulih > LPSE Kota Prabumulih","https://spse.inaproc.id/kotaprabumulih","https://lpse.kotaprabumulih.go.id"
"Kota Pontianak > LPSE Kota Pontianak","https://spse.inaproc.id/pontianak","https://lpse.pontianak.go.id"
"Kota Pematangsiantar > LPSE Kota Pematangsiantar","https://spse.inaproc.id/pematangsiantar","https://lpse.pematangsiantar.go.id"
"Kota Pekanbaru > LPSE Kota Pekanbaru","https://spse.inaproc.id/pekanbaru","https://lpse.pekanbaru.go.id"
"Kota Pekalongan > LPSE Kota Pekalongan","https://spse.inaproc.id/pekalongankota","https://lpse.pekalongankota.go.id"
"Kota Payakumbuh > LPSE Kota Payakumbuh","https://spse.inaproc.id/payakumbuhkota","https://lpse.payakumbuhkota.go.id"
"Kota Pasuruan > LPSE Kota Pasuruan","https://spse.inaproc.id/pasuruankota","https://lpse.pasuruankota.go.id"
"Kota Pariaman > LPSE Kota Pariaman","https://spse.inaproc.id/pariamankota","https://lpse.pariamankota.go.id"
"Kota Pare Pare > LPSE Kota Parepare","https://spse.inaproc.id/pareparekota","https://lpse.pareparekota.go.id"
"Kota Pangkal Pinang > LPSE Kota Pangkal Pinang","https://spse.inaproc.id/pangkalpinangkota","https://lpse.pangkalpinangkota.go.id"
"Kota Palu > LPSE Kota Palu","https://spse.inaproc.id/palukota","https://lpse.palukota.go.id"
"Kota Palopo > LPSE Kota Palopo","https://spse.inaproc.id/palopokota","https://lpse.palopokota.go.id"
"Kota Palembang > LPSE Kota Palembang","https://spse.inaproc.id/palembang","https://lpse.palembang.go.id"
"Kota Palangkaraya > LPSE Kota Palangkaraya","https://spse.inaproc.id/palangkaraya","https://lpse.palangkaraya.go.id"
"Kota Pagar Alam > LPSE Kota Pagar Alam","https://spse.inaproc.id/pagaralamkota","https://lpse.pagaralamkota.go.id"
"Kota Padangsidimpuan > LPSE Kota Padang Sidempuan","https://spse.inaproc.id/padangsidimpuankota","https://lpse.padangsidimpuankota.go.id"
"Kota Padang Panjang > LPSE Kota Padang Panjang","https://spse.inaproc.id/padangpanjang","https://lpse.padangpanjang.go.id"
"Kota Padang > LPSE Kota Padang","https://spse.inaproc.id/padang","https://lpse.padang.go.id"
"Kota Mojokerto > LPSE Kota Mojokerto","https://spse.inaproc.id/mojokertokota","https://lpse.mojokertokota.go.id"
"Kota Metro > LPSE Kota Metro","https://spse.inaproc.id/metrokota","https://lpse.metrokota.go.id"
"Kota Medan > LPSE Kota Medan","https://spse.inaproc.id/pemkomedan","https://lpse.pemkomedan.go.id"
"Kota Mataram > LPSE Kota Mataram","https://spse.inaproc.id/mataramkota","https://lpse.mataramkota.go.id"
"Kota Manado > LPSE Kota Manado","https://spse.inaproc.id/manadokota","https://lpse.manadokota.go.id"
"Kota Malang > LPSE Kota Malang","https://spse.inaproc.id/malangkota","https://lpse.malangkota.go.id"
"Kota Makassar > LPSE Kota Makassar","https://spse.inaproc.id/makassar","https://lpse.makassar.go.id"
"Kota Magelang > LPSE Kota Magelang","https://spse.inaproc.id/magelangkota","https://lpse.magelangkota.go.id"
"Kota Madiun > LPSE Kota Madiun","https://spse.inaproc.id/madiunkota","https://lpse.madiunkota.go.id"
"Kota Lubuk Linggau > LPSE Kota Lubuklinggau","https://spse.inaproc.id/lubuklinggaukota","https://lpse.lubuklinggaukota.go.id"
"Kota Lhokseumawe > LPSE Kota Lhokseumawe","https://spse.inaproc.id/lhokseumawekota","https://lpse.lhokseumawekota.go.id"
"Kota Langsa > LPSE Kota Langsa","https://spse.inaproc.id/langsakota","https://lpse.langsakota.go.id"
"Kota Kupang > LPSE Kota Kupang","https://spse.inaproc.id/kupangkota","https://lpse.kupangkota.go.id"
"Kota Kotamobagu > LPSE Kabupaten Bolaang Mongondow Timur","https://spse.inaproc.id/boltimkab","https://lpse.boltimkab.go.id"
"Kota Kendari > LPSE Kota Kendari","https://spse.inaproc.id/kendarikota","https://lpse.kendarikota.net"
"Kota Kediri > LPSE Kota Kediri","https://spse.inaproc.id/kedirikota","https://lpse.kedirikota.go.id"
"Kota Jayapura > LPSE Kota Jayapura","https://spse.inaproc.id/jayapurakota","https://www.lpse.jayapurakota.go.id"
"Kota Jambi > LPSE Kota Jambi","https://spse.inaproc.id/jambikota","https://lpse.jambikota.go.id"
"Kota Gunungsitoli > LPSE Kota Gunungsitoli","https://spse.inaproc.id/gunungsitolikota","https://lpse.gunungsitolikota.go.id"
"Kota Gorontalo > LPSE Kota Gorontalo","https://spse.inaproc.id/gorontalokota","https://lpse.gorontalokota.go.id"
"Kota Dumai > LPSE Kota Dumai","https://spse.inaproc.id/dumaikota","https://lpse.dumaikota.go.id"
"Kota Depok > LPSE Kota Depok","https://spse.inaproc.id/depok","https://lpse.depok.go.id"
"Kota Denpasar > LPSE Kota Denpasar","https://spse.inaproc.id/denpasarkota","https://eproc.denpasarkota.go.id"
"Kota Cirebon > LPSE Provinsi Jawa Barat","https://spse.inaproc.id/jabarprov","https://lpse.jabarprov.go.id"
"Kota Cimahi > LPSE Kota Cimahi","https://spse.inaproc.id/cimahikota","https://lpse.cimahikota.go.id"
"Kota Cilegon > LPSE Kota Cilegon","https://spse.inaproc.id/cilegon","https://lpse.cilegon.go.id"
"Kota Bukittinggi > LPSE Kota Bukittinggi","https://spse.inaproc.id/bukittinggikota","https://www.lpse.bukittinggikota.go.id"
"Kota Bontang > LPSE Kota Bontang","https://spse.inaproc.id/bontangkota","https://lpse.bontangkota.go.id"
"Kota Bogor > LPSE Kota Bogor","https://spse.inaproc.id/kotabogor","https://eproc.kotabogor.go.id"
"Kota Blitar > LPSE Kota Blitar","https://spse.inaproc.id/blitarkota","https://lpse.blitarkota.go.id"
"Kota Bitung > LPSE Kota Bitung","https://spse.inaproc.id/bitungkota","https://lpse.bitungkota.go.id"
"Kota Binjai > LPSE Kota Binjai","https://spse.inaproc.id/binjaikota","https://lpse.binjaikota.go.id"
"Kota Bima > LPSE Kota Bima","https://spse.inaproc.id/bimakota","https://lpse.bimakota.go.id"
"Kota Bengkulu > LPSE Kota Bengkulu","https://spse.inaproc.id/bengkulukota","https://lpse.bengkulukota.go.id"
"Kota Bekasi > LPSE Kota Bekasi","https://spse.inaproc.id/bekasikota","https://lpse.bekasikota.go.id"
"Kota Bau Bau > LPSE Kota Baubau","https://spse.inaproc.id/baubaukota","https://lpse.baubaukota.go.id"
"Kota Batu > LPSE Kota Batu","https://spse.inaproc.id/batukota","https://lpse.batukota.go.id"
"Kota Batam > LPSE Kota Batam","https://spse.inaproc.id/batam","https://lpse.batam.go.id"
"Kota Banjarmasin > LPSE Kota Banjarmasin","https://spse.inaproc.id/banjarmasinkota","https://lpse.banjarmasinkota.go.id"
"Kota Banjarbaru > LPSE Kota Banjarbaru","https://spse.inaproc.id/banjarbarukota","https://lpse.banjarbarukota.go.id"
"Kota Banjar > LPSE Kota Banjar","https://spse.inaproc.id/banjarkota","https://lpse.banjarkota.go.id"
"Kota Bandung > LPSE Kota Bandung","https://spse.inaproc.id/bandung","https://lpse.bandung.go.id"
"Kota Bandar Lampung > LPSE Kota Bandar Lampung","https://spse.inaproc.id/bandarlampungkota","https://lpse.bandarlampungkota.go.id"
"Kota Banda Aceh > LPSE Kota Banda Aceh","https://spse.inaproc.id/bandaacehkota","https://lpse.bandaacehkota.go.id"
"Kota Balikpapan > LPSE Kota Balikpapan","https://spse.inaproc.id/balikpapan","https://lpse.balikpapan.go.id"
"Kota Ambon > LPSE Kota Ambon","https://spse.inaproc.id/ambon","https://lpse.ambon.go.id"
"Komisi Yudisial Ri > LPSE Kementerian Keuangan","https://spse.inaproc.id/kemenkeu","https://lpse.kemenkeu.go.id"
"Komisi Pengawas Persaingan Usaha > LPSE Kementerian Keuangan","https://spse.inaproc.id/kemenkeu","https://lpse.kemenkeu.go.id"
"Komisi Pemilihan Umum > LPSE Komisi Pemilihan Umum","https://spse.inaproc.id/kpu","https://lpse.kpu.go.id"
"Komisi Pemberantasan Korupsi > LPSE Kementerian Keuangan","https://spse.inaproc.id/kemenkeu","https://lpse.kemenkeu.go.id"
"Komisi Nasional Hak Asasi Manusia > LPSE Lembaga Kebijakan Pengadaan Barang/Jasa Pemerintah","https://spse.inaproc.id/lkpp","https://lpse.lkpp.go.id"
"Kepolisian Negara Republik Indonesia > LPSE Kepolisian Republik Indonesia","https://spse.inaproc.id/polri","https://lpse.polri.go.id/eproc4"
"Kementerian Sosial > LPSE Kementerian Sosial","https://spse.inaproc.id/kemensos","https://lpse.kemensos.go.id"
"Kementerian Sekretariat Negara > LPSE Kementerian Keuangan","https://spse.inaproc.id/kemenkeu","https://lpse.kemenkeu.go.id"
"Kementerian Pertanian > LPSE Provinsi Maluku Utara","https://spse.inaproc.id/malutprov","https://lpse.malutprov.go.id"
"Kementerian Pertanian > LPSE Provinsi Lampung","https://spse.inaproc.id/lampungprov","https://lpse.lampungprov.go.id"
"Kementerian Pertanian > LPSE Provinsi Gorontalo","https://spse.inaproc.id/gorontaloprov","https://lpse.gorontaloprov.go.id"
"Kementerian Pertanian > LPSE Kabupaten Ogan Komering Ilir","https://spse.inaproc.id/kaboki","https://lpse.kaboki.go.id"
"Kementerian Pertanian > LPSE Kabupaten Meranti","https://spse.inaproc.id/merantikab","https://lpse.merantikab.go.id"
"Kementerian Pertahanan > LPSE TNI Angkatan Udara","https://spse.inaproc.id/tni-au","https://lpse.tni-au.mil.id"
"Kementerian Pertahanan > LPSE TNI Angkatan Laut","https://spse.inaproc.id/tnial","https://lpse.tnial.mil.id"
"Kementerian Pertahanan > LPSE Tentara Nasional Indonesia","https://spse.inaproc.id/mabestni","https://lpse.mabestni.mil.id"
"Kementerian Pertahanan > LPSE Kementerian Pertahanan Republik Indonesia","https://spse.inaproc.id/kemhan","https://lpse.kemhan.go.id"
"Kementerian Perindustrian > LPSE Kementerian Perindustrian","https://spse.inaproc.id/kemenperin","https://lpse.kemenperin.go.id"
"Kementerian Perhubungan > LPSE Kementerian Perhubungan","https://spse.inaproc.id/dephub","https://lpse.dephub.go.id"
"Kementerian Perencanaan Pembangunan Nasional > LPSE Lembaga Kebijakan Pengadaan Barang/Jasa Pemerintah","https://spse.inaproc.id/lkpp","https://lpse.lkpp.go.id"
"Kementerian Perencanaan Pembangunan Nasional > LPSE BAPPENAS","https://spse.inaproc.id/bappenas","https://lpse.bappenas.go.id"
"Kementerian Perdagangan > LPSE Kota Serang","https://spse.inaproc.id/serangkota","https://lpse.serangkota.go.id"
"Kementerian Perdagangan > LPSE Kota Palopo","https://spse.inaproc.id/palopokota","https://lpse.palopokota.go.id"
"Kementerian Perdagangan > LPSE Kementerian Perdagangan RI","https://spse.inaproc.id/kemendag","https://lpse.kemendag.go.id"
"Kementerian Perdagangan > LPSE Kabupaten Wajo","https://spse.inaproc.id/wajokab","https://lpse-wajokab.go.id"
"Kementerian Perdagangan > LPSE Kabupaten Tanjung Jabung Timur","https://spse.inaproc.id/tanjabtimkab","https://lpse.tanjabtimkab.go.id"
"Kementerian Perdagangan > LPSE Kabupaten Sampang","https://spse.inaproc.id/sampangkab","https://lpse.sampangkab.go.id"
"Kementerian Perdagangan > LPSE Kabupaten Polewali Mandar","https://spse.inaproc.id/polmankab","https://lpse.polmankab.go.id"
"Kementerian Perdagangan > LPSE Kabupaten Pamekasan","https://spse.inaproc.id/pamekasankab","https://lpse.pamekasankab.go.id"
"Kementerian Perdagangan > LPSE Kabupaten Padang Lawas Utara","https://spse.inaproc.id/padanglawasutarakab","https://lpse.padanglawasutarakab.go.id"
"Kementerian Perdagangan > LPSE Kabupaten Merangin","https://spse.inaproc.id/meranginkab","https://lpse.meranginkab.go.id"
"Kementerian Perdagangan > LPSE Kabupaten Kebumen","https://spse.inaproc.id/kebumenkab","https://lpse.kebumenkab.go.id"
"Kementerian Perdagangan > LPSE Kabupaten Kapuas Hulu","https://spse.inaproc.id/kapuashulukab","https://lpse.kapuashulukab.go.id"
"Kementerian Perdagangan > LPSE Kabupaten Gianyar","https://spse.inaproc.id/gianyarkab","https://lpse.gianyarkab.go.id"
"Kementerian Perdagangan > LPSE Kabupaten Demak","https://spse.inaproc.id/demakkab","https://lpse.demakkab.go.id"
"Kementerian Perdagangan > LPSE Kabupaten Bogor","https://spse.inaproc.id/bogorkab","https://lpse.bogorkab.go.id"
"Kementerian Perdagangan > LPSE Kabupaten Blora","https://spse.inaproc.id/blorakab","https://lpse.blorakab.go.id"
"Kementerian Perdagangan > LPSE Kabupaten Blitar","https://spse.inaproc.id/blitarkab","https://lpse.blitarkab.go.id"
"Kementerian Perdagangan > LPSE Kabupaten Bima","https://spse.inaproc.id/bimakab","https://lpse.bimakab.go.id"
"Kementerian Perdagangan > LPSE Kabupaten Banyuwangi","https://spse.inaproc.id/banyuwangikab","https://lpse.banyuwangikab.go.id"
"Kementerian Perdagangan > LPSE Kabupaten Banggai","https://spse.inaproc.id/banggaikab","https://lpse.banggaikab.go.id"
"Kementerian Perdagangan > LPSE Kabupaten Aceh Utara","https://spse.inaproc.id/acehutara","https://lpse.acehutara.go.id"
"Kementerian Perdagangan > LPSE Kabupaten Aceh Selatan","https://spse.inaproc.id/acehselatankab","https://lpse.acehselatankab.go.id"
"Kementerian Pendidikan Dasar dan Menengah > LPSE Kementerian Pendidikan Dasar dan Menengah","https://spse.inaproc.id/kemendikdasmen","https://lpse.kemendikdasmen.go.id"
"Kementerian Pendayagunaan Aparatur Negara Dan Reformasi Birokrasi > LPSE Kementerian Pendayagunaan Aparatur Negara dan Reformasi Birokrasi","https://spse.inaproc.id/menpan","https://lpse.menpan.go.id"
"Kementerian Pemuda Dan Olah Raga > LPSE Provinsi Maluku","https://spse.inaproc.id/malukuprov","https://lpse.malukuprov.go.id"
"Kementerian Pemuda Dan Olah Raga > LPSE Kementerian Pemuda dan Olahraga","https://spse.inaproc.id/kemenpora","https://lpse.kemenpora.go.id"
"Kementerian Pemberdayaan Perempuan Dan Perlindungan Anak > LPSE Lembaga Kebijakan Pengadaan Barang/Jasa Pemerintah","https://spse.inaproc.id/lkpp","https://lpse.lkpp.go.id"
"Kementerian Pekerjaan Umum > LPSE Kementerian Pekerjaan Umum","https://spse.inaproc.id/pu","https://lpse.pu.go.id"
"Kementerian Pariwisata > LPSE Kementerian Pariwisata","https://spse.inaproc.id/kemenpar","https://lpse.kemenpar.go.id"
"Kementerian Luar Negeri > LPSE Kementerian Luar Negeri","https://spse.inaproc.id/kemlu","https://lpse.kemlu.go.id"
"Kementerian Kehutanan > LPSE Kementerian Kehutanan","https://spse.inaproc.id/kehutanan","https://lpse.menlhk.go.id"
"Kementerian Koperasi > LPSE Provinsi Jawa Barat","https://spse.inaproc.id/jabarprov","https://lpse.jabarprov.go.id"
"Kementerian Koperasi > LPSE Kementerian Koperasi","https://spse.inaproc.id/kemenkopukm","https://lpse.kemenkopukm.go.id"
"Kementerian Koperasi > LPSE Kabupaten Temanggung","https://spse.inaproc.id/temanggungkab","https://lpse.temanggungkab.go.id"
"Kementerian Koperasi > LPSE Kabupaten Sintang","https://spse.inaproc.id/sintang","https://lpse.sintang.go.id"
"Kementerian Koperasi > LPSE Kabupaten Parigi Moutong","https://spse.inaproc.id/parigimoutongkab","https://lpse.parigimoutongkab.go.id"
"Kementerian Koperasi > LPSE Kabupaten Pangkajene dan Kepulauan","https://spse.inaproc.id/pangkepkab","https://lpse.pangkepkab.go.id"
"Kementerian Koperasi > LPSE Kabupaten Nagan Raya","https://spse.inaproc.id/naganrayakab","https://lpse.naganrayakab.go.id"
"Kementerian Koperasi > LPSE Kabupaten Minahasa Selatan","https://spse.inaproc.id/minselkab","https://lpse.minselkab.go.id"
"Kementerian Koperasi > LPSE Kabupaten Konawe Selatan","https://spse.inaproc.id/konaweselatankab","https://lpse.konaweselatankab.go.id"
"Kementerian Koperasi > LPSE Kabupaten Jeneponto","https://spse.inaproc.id/jenepontokab","https://lpse.jenepontokab.go.id"
"Kementerian Koperasi > LPSE Kabupaten Jembrana","https://spse.inaproc.id/jembranakab","https://lpse.jembranakab.go.id"
"Kementerian Koperasi > LPSE Kabupaten Gayo Lues","https://spse.inaproc.id/gayolueskab","https://lpse.gayolueskab.go.id"
"Kementerian Koperasi > LPSE Kabupaten Belitung","https://spse.inaproc.id/belitung","https://lpse.belitung.go.id"
"Kementerian Koperasi > LPSE Kabupaten Banyuwangi","https://spse.inaproc.id/banyuwangikab","https://lpse.banyuwangikab.go.id"
"Kementerian Koperasi > LPSE Kabupaten Aceh Tamiang","https://spse.inaproc.id/acehtamiangkab","https://lpse.acehtamiangkab.go.id"
"Kementerian Koperasi > LPSE Kabupaten Aceh Selatan","https://spse.inaproc.id/acehselatankab","https://lpse.acehselatankab.go.id"
"Kementerian Koperasi > LPSE Kabupaten Aceh Besar","https://spse.inaproc.id/acehbesarkab","https://lpse.acehbesarkab.go.id"
"Kementerian Koordinator Bidang Perekonomian > LPSE Lembaga Kebijakan Pengadaan Barang/Jasa Pemerintah","https://spse.inaproc.id/lkpp","https://lpse.lkpp.go.id"
"Kementerian Koordinator Bidang Pembangunan Manusia dan Kebudayaan > LPSE Kementerian Keuangan","https://spse.inaproc.id/kemenkeu","https://lpse.kemenkeu.go.id"
"Kementerian Koordinator Bidang Infrastruktur dan Pembangunan Kewilayahan > LPSE Lembaga Kebijakan Pengadaan Barang/Jasa Pemerintah","https://spse.inaproc.id/lkpp","https://lpse.lkpp.go.id"
"Kementerian Komunikasi Dan Digital > LPSE Kementerian Komunikasi dan Digital","https://spse.inaproc.id/komdigi","https://lpse.komdigi.go.id"
"Kementerian Keuangan > LPSE Kementerian Keuangan","https://spse.inaproc.id/kemenkeu","https://lpse.kemenkeu.go.id"
"Kementerian Ketenagakerjaan > LPSE Kementerian Ketenagakerjaan","https://spse.inaproc.id/kemnaker","https://lpse.kemnaker.go.id"
"Kementerian Kesehatan > LPSE Provinsi Maluku Utara","https://spse.inaproc.id/malutprov","https://lpse.malutprov.go.id"
"Kementerian Kesehatan > LPSE Kementrian Kesehatan Republik Indonesia","https://spse.inaproc.id/kemkes","https://lpse.kemkes.go.id"
"Kementerian Kelautan Dan Perikanan > LPSE Kementerian Kelautan dan Perikanan","https://spse.inaproc.id/kkp","https://lpse.kkp.go.id"
"Kementerian Investasi dan Hilirisasi/BKPM > LPSE Badan Koordinasi Penanaman Modal","https://spse.inaproc.id/bkpm","https://lpse.bkpm.go.id"
"Kementerian Hukum > LPSE Kementerian Hukum","https://spse.inaproc.id/kemenkum","https://lpse.kemenkum.go.id"
"Kementerian Energi Dan Sumber Daya Mineral > LPSE Kementerian Energi dan Sumber Daya Mineral","https://spse.inaproc.id/esdm","https://eproc.esdm.go.id"
"Kementerian Desa dan Pembangunan Daerah Tertinggal > LPSE Provinsi Sulawesi Tengah","https://spse.inaproc.id/sultengprov","https://lpse.sultengprov.go.id"
"Kementerian Desa dan Pembangunan Daerah Tertinggal > LPSE Kementerian Desa dan Pembangunan Daerah Tertinggal","https://spse.inaproc.id/kemendesa","https://lpse.kemendesa.go.id"
"Kementerian Desa dan Pembangunan Daerah Tertinggal > LPSE Kabupaten Tolitoli","https://spse.inaproc.id/tolitolikab","https://lpse.tolitolikab.go.id"
"Kementerian Desa dan Pembangunan Daerah Tertinggal > LPSE Kabupaten Sumba Timur","https://spse.inaproc.id/sumbatimurkab","https://lpse.sumbatimurkab.go.id"
"Kementerian Desa dan Pembangunan Daerah Tertinggal > LPSE Kabupaten Sidenreng Rappang","https://spse.inaproc.id/sidrapkab","https://lpse.sidrapkab.go.id"
"Kementerian Desa dan Pembangunan Daerah Tertinggal > LPSE Kabupaten Penukal Abab Lematang Ilir","https://spse.inaproc.id/palikab","https://lpse.palikab.go.id"
"Kementerian Desa dan Pembangunan Daerah Tertinggal > LPSE Kabupaten Majene","https://spse.inaproc.id/majenekab","https://lpse.majenekab.go.id"
"Kementerian Desa dan Pembangunan Daerah Tertinggal > LPSE Kabupaten Lahat","https://spse.inaproc.id/lahatkab","https://lpse.lahatkab.go.id"
"Kementerian Desa dan Pembangunan Daerah Tertinggal > LPSE Kabupaten Konawe","https://spse.inaproc.id/konawekab","https://lpse.konawekab.go.id"
"Kementerian Desa dan Pembangunan Daerah Tertinggal > LPSE Kabupaten Konawe Utara","https://spse.inaproc.id/konaweutarakab","https://lpse.konaweutarakab.go.id"
"Kementerian Desa dan Pembangunan Daerah Tertinggal > LPSE Kabupaten Fakfak","https://spse.inaproc.id/fakfakkab","https://lpse.fakfakkab.go.id"
"Kementerian Desa dan Pembangunan Daerah Tertinggal > LPSE Kabupaten Buol","https://spse.inaproc.id/buolkab","https://lpsebuolkab.org"
"Kementerian Desa dan Pembangunan Daerah Tertinggal > LPSE Kabupaten Bima","https://spse.inaproc.id/bimakab","https://lpse.bimakab.go.id"
"Kementerian Desa dan Pembangunan Daerah Tertinggal > LPSE Kabupaten Bengkulu Utara","https://spse.inaproc.id/bengkuluutarakab","https://lpse.bengkuluutarakab.go.id"
"Kementerian Desa dan Pembangunan Daerah Tertinggal > LPSE Kabupaten Barito Kuala","https://spse.inaproc.id/baritokualakab","https://lpse.baritokualakab.go.id"
"Kementerian Desa dan Pembangunan Daerah Tertinggal > LPSE Kabupaten Banyuasin","https://spse.inaproc.id/banyuasinkab","https://lpse.banyuasinkab.go.id"
"Kementerian Dalam Negeri > LPSE Kota Surakarta","https://spse.inaproc.id/surakarta","https://lpse.surakarta.go.id"
"Kementerian Dalam Negeri > LPSE Kementerian Dalam Negeri","https://spse.inaproc.id/kemendagri","https://lpse.kemendagri.go.id"
"Kementerian Dalam Negeri > LPSE Kabupaten Belu","https://spse.inaproc.id/belukab","https://lpse.belukab.go.id"
"Kementerian Badan Usaha Milik Negara > LPSE Kementerian Keuangan","https://spse.inaproc.id/kemenkeu","https://lpse.kemenkeu.go.id"
"Kementerian Agraria dan Tata Ruang/BPN > LPSE Kementerian Agraria dan Tata Ruang/BPN","https://spse.inaproc.id/atrbpn","https://lpse.atrbpn.go.id"
"Kementerian Agama > LPSE Kementerian Agama","https://spse.inaproc.id/kemenag","https://lpse.kemenag.go.id"
"Kejaksaan Republik Indonesia > LPSE Kota Palu","https://spse.inaproc.id/palukota","https://lpse.palukota.go.id"
"Kejaksaan Republik Indonesia > LPSE Kejaksaan Agung Republik Indonesia","https://spse.inaproc.id/kejaksaan","https://lpse.kejaksaan.go.id"
"Kejaksaan Republik Indonesia > LPSE Kabupaten Majene","https://spse.inaproc.id/majenekab","https://lpse.majenekab.go.id"
"Kab. Yahukimo > LPSE KABUPATEN YAHUKIMO","https://spse.inaproc.id/yahukimokab","https://lpse.yahukimokab.go.id"
"Kab. Wonosobo > LPSE Kabupaten Wonosobo","https://spse.inaproc.id/wonosobokab","https://lpse.wonosobokab.go.id"
"Kab. Wonogiri > LPSE Kabupaten Wonogiri","https://spse.inaproc.id/wonogirikab","https://lpse.wonogirikab.go.id"
"Kab. Way Kanan > LPSE Kabupaten Way Kanan","https://spse.inaproc.id/waykanankab","https://lpse.waykanankab.go.id"
"Kab. Wakatobi > LPSE Kabupaten Wakatobi","https://spse.inaproc.id/wakatobikab","https://lpse.wakatobikab.go.id"
"Kab. Wajo > LPSE Kabupaten Wajo","https://spse.inaproc.id/wajokab","https://lpse-wajokab.go.id"
"Kab. Tulungagung > LPSE Kabupaten Tulungagung","https://spse.inaproc.id/tulungagung","https://lpse.tulungagung.go.id"
"Kab. Tulang Bawang Barat > LPSE Kabupaten Tulang Bawang Barat","https://spse.inaproc.id/tubaba","https://lpse.tubaba.go.id"
"Kab. Tuban > LPSE Kabupaten Tuban","https://spse.inaproc.id/tubankab","https://lpse.tubankab.go.id"
"Kab. Trenggalek > LPSE Kabupaten Trenggalek","https://spse.inaproc.id/trenggalekkab","https://lpse.trenggalekkab.go.id"
"Kab. Toraja Utara > LPSE Kabupaten Toraja Utara","https://spse.inaproc.id/torajautarakab","https://lpse.torajautarakab.go.id"
"Kab. Tolikara > LPSE Kabupaten Tolikara","https://spse.inaproc.id/tolikarakab","https://lpse.tolikarakab.go.id"
"Kab. Toli Toli > LPSE Kabupaten Tolitoli","https://spse.inaproc.id/tolitolikab","https://lpse.tolitolikab.go.id"
"Kab. Tojo Una Una > LPSE Kabupaten Tojo una-una","https://spse.inaproc.id/tojounauna","https://lpse.tojounauna.go.id"
"Kab. Toba > LPSE Kabupaten Toba","https://spse.inaproc.id/tobakab","https://lpse.tobakab.go.id"
"Kab. Timor Tengah Utara > LPSE Kabupaten Timor Tengah Utara","https://spse.inaproc.id/ttukab","https://lpse.ttukab.go.id"
"Kab. Timor Tengah Selatan > LPSE Kabupaten Timor Tengah Selatan","https://spse.inaproc.id/ttskab","https://lpse.ttskab.go.id"
"Kab. Temanggung > LPSE Kabupaten Temanggung","https://spse.inaproc.id/temanggungkab","https://lpse.temanggungkab.go.id"
"Kab. Teluk Wondama > LPSE Kabupaten Teluk Wondama","https://spse.inaproc.id/wondamakab","https://lpse.wondamakab.go.id"
"Kab. Teluk Bintuni > LPSE Kabupaten Teluk Bintuni","https://spse.inaproc.id/telukbintunikab","https://lpse.telukbintunikab.go.id"
"Kab. Tegal > LPSE Kabupaten Tegal","https://spse.inaproc.id/tegalkab","https://lpse.tegalkab.go.id"
"Kab. Tebo > LPSE Kabupaten Tebo","https://spse.inaproc.id/tebokab","https://lpse.tebokab.go.id"
"Kab. Tasikmalaya > LPSE Kabupaten Tasikmalaya","https://spse.inaproc.id/tasikmalayakab","https://lpse.tasikmalayakab.go.id"
"Kab. Tapin > LPSE Kabupaten Tapin","https://spse.inaproc.id/tapinkab","https://lpse.tapinkab.go.id"
"Kab. Tapanuli Utara > LPSE Kabupaten Tapanuli Utara","https://spse.inaproc.id/taputkab","https://lpse.taputkab.go.id"
"Kab. Tapanuli Tengah > LPSE Kabupaten Tapanuli Tengah","https://spse.inaproc.id/tapteng","https://lpse.tapteng.go.id"
"Kab. Tapanuli Selatan > LPSE Kabupaten Tapanuli Selatan","https://spse.inaproc.id/tapselkab","https://lpse.tapselkab.go.id"
"Kab. Tanjung Jabung Timur > LPSE Kabupaten Tanjung Jabung Timur","https://spse.inaproc.id/tanjabtimkab","https://lpse.tanjabtimkab.go.id"
"Kab. Tanjung Jabung Barat > LPSE Kabupaten Tanjung Jabung Barat","https://spse.inaproc.id/tanjabbarkab","https://lpse.tanjabbarkab.go.id"
"Kab. Tanggamus > LPSE Kabupaten Tanggamus","https://spse.inaproc.id/tanggamus","https://lpse.tanggamus.go.id"
"Kab. Tangerang > LPSE Kabupaten Tangerang","https://spse.inaproc.id/tangerangkab","https://lpse.tangerangkab.go.id"
"Kab. Tanah Laut > LPSE Kabupaten Tanah Laut","https://spse.inaproc.id/tanahlautkab","https://lpse.tanahlautkab.go.id"
"Kab. Tanah Datar > LPSE Kabupaten Tanah Datar","https://spse.inaproc.id/tanahdatar","https://lpse.tanahdatar.go.id"
"Kab. Tanah Bumbu > LPSE Kabupaten Tanah Bumbu","https://spse.inaproc.id/tanahbumbukab","https://lpse.tanahbumbukab.go.id"
"Kab. Tana Toraja > LPSE Kabupaten Tana Toraja","https://spse.inaproc.id/tanatorajakab","https://lpse.tanatorajakab.go.id"
"Kab. Tana Tidung > LPSE Kabupaten Tana Tidung","https://spse.inaproc.id/tanatidungkab","https://lpse.tanatidungkab.go.id"
"Kab. Tambrauw > LPSE Kabupaten Tambrauw","https://spse.inaproc.id/tambrauwkab","https://lpse.tambrauwkab.go.id"
"Kab. Takalar > LPSE Kabupaten Takalar","https://spse.inaproc.id/takalarkab","https://lpse.takalarkab.go.id"
"Kab. Tabanan > LPSE Kabupaten Tabanan","https://spse.inaproc.id/tabanankab","https://lpse.tabanankab.go.id"
"Kab. Tabalong > LPSE Kabupaten Tabalong","https://spse.inaproc.id/tabalongkab","https://lpse.tabalongkab.go.id"
"Kab. Supiori > LPSE Kabupaten Supiori","https://spse.inaproc.id/supiorikab","https://lpse.supiorikab.go.id"
"Kab. Sumenep > LPSE Kabupaten Sumenep","https://spse.inaproc.id/sumenepkab","https://lpse.sumenepkab.go.id"
"Kab. Sumedang > LPSE Kabupaten Sumedang","https://spse.inaproc.id/sumedangkab","https://lpse.sumedangkab.go.id"
"Kab. Sumbawa Barat > LPSE Kabupaten Sumbawa Barat","https://spse.inaproc.id/sumbawabaratkab","https://lpse.sumbawabaratkab.go.id"
"Kab. Sumbawa > LPSE Kabupaten Sumbawa","https://spse.inaproc.id/sumbawakab","https://lpse.sumbawakab.go.id"
"Kab. Sumba Timur > LPSE Kabupaten Sumba Timur","https://spse.inaproc.id/sumbatimurkab","https://lpse.sumbatimurkab.go.id"
"Kab. Sumba Tengah > LPSE Kabupaten Sumba Tengah","https://spse.inaproc.id/sumbatengahkab","https://lpse.sumbatengahkab.go.id"
"Kab. Sumba Barat Daya > LPSE Kabupaten Sumba Barat Daya","https://spse.inaproc.id/sbdkab","https://lpse.sbdkab.go.id"
"Kab. Sumba Barat > LPSE Kabupaten Sumba Barat","https://spse.inaproc.id/sumbabaratkab","https://lpse.sumbabaratkab.go.id"
"Kab. Sukoharjo > LPSE Kabupaten Sukoharjo","https://spse.inaproc.id/sukoharjokab","https://lpse.sukoharjokab.go.id"
"Kab. Sukamara > LPSE Kabupaten Sukamara","https://spse.inaproc.id/sukamarakab","https://lpse.sukamarakab.go.id"
"Kab. Sukabumi > LPSE Kabupaten Sukabumi","https://spse.inaproc.id/sukabumikab","https://lpse.sukabumikab.go.id"
"Kab. Subang > LPSE Kabupaten Subang","https://spse.inaproc.id/subang","https://lpse.subang.go.id"
"Kab. Sragen > LPSE Kabupaten Sragen","https://spse.inaproc.id/sragenkab","https://lpse.sragenkab.go.id"
"Kab. Sorong Selatan > LPSE Kabupaten Sorong Selatan","https://spse.inaproc.id/sorongselatankab","https://lpse.sorongselatankab.go.id"
"Kab. Sorong > LPSE Kabupaten Sorong","https://spse.inaproc.id/sorongkab","https://lpse.sorongkab.go.id"
"Kab. Soppeng > LPSE Kabupaten Soppeng","https://spse.inaproc.id/soppeng","https://lpse.soppeng.go.id"
"Kab. Solok Selatan > LPSE Kabupaten Solok Selatan","https://spse.inaproc.id/solselkab","https://lpse.solselkab.go.id"
"Kab. Solok > LPSE Kabupaten Solok","https://spse.inaproc.id/solokkab","https://lpse.solokkab.go.id"
"Kab. Sleman > LPSE Kabupaten Sleman","https://spse.inaproc.id/slemankab","https://lpse.slemankab.go.id"
"Kab. Situbondo > LPSE Kabupaten Situbondo","https://spse.inaproc.id/situbondokab","https://lpse.situbondokab.go.id"
"Kab. Sintang > LPSE Kabupaten Sintang","https://spse.inaproc.id/sintang","https://lpse.sintang.go.id"
"Kab. Sinjai > LPSE Kabupaten Sinjai","https://spse.inaproc.id/sinjaikab","https://lpse.sinjaikab.go.id"
"Kab. Simeulue > LPSE Kabupaten Simeulue","https://spse.inaproc.id/simeuluekab","https://lpse.simeuluekab.go.id"
"Kab. Simalungun > LPSE Kabupaten Simalungun","https://spse.inaproc.id/simalungunkab","https://lpse.simalungunkab.go.id"
"Kab. Sikka > LPSE Kabupaten Sikka","https://spse.inaproc.id/sikkakab","https://lpse.sikkakab.go.id"
"Kab. Sijunjung > LPSE Kabupaten Sijunjung","https://spse.inaproc.id/sijunjung","https://lpse.sijunjung.go.id"
"Kab. Sigi > LPSE Kabupaten Sigi","https://spse.inaproc.id/sigikab","https://lpse.sigikab.go.id"
"Kab. Sidoarjo > LPSE Kabupaten Sidoarjo","https://spse.inaproc.id/sidoarjokab","https://lpse.sidoarjokab.go.id"
"Kab. Sidenreng Rappang > LPSE Kabupaten Sidenreng Rappang","https://spse.inaproc.id/sidrapkab","https://lpse.sidrapkab.go.id"
"Kab. Siak > LPSE Kabupaten Siak","https://spse.inaproc.id/siakkab","https://lpse.siakkab.go.id"
"Kab. Seruyan > LPSE Kabupaten Seruyan","https://spse.inaproc.id/seruyankab","https://lpse.seruyankab.go.id"
"Kab. Serdang Bedagai > LPSE Kabupaten Serdang Bedagai","https://spse.inaproc.id/serdangbedagaikab","https://lpse.serdangbedagaikab.go.id"
"Kab. Serang > LPSE Kabupaten Serang","https://spse.inaproc.id/serangkab","https://lpse.serangkab.go.id"
"Kab. Seram Bagian Timur > LPSE Kabupaten Seram Bagian Timur","https://spse.inaproc.id/serambagiantimurkab","https://lpse.serambagiantimurkab.go.id"
"Kab. Seram Bagian Barat > LPSE Kabupaten Seram Bagian Barat","https://spse.inaproc.id/sbbkab","https://lpse.sbbkab.go.id"
"Kab. Semarang > LPSE Kabupaten Semarang","https://spse.inaproc.id/semarangkab","https://lpse.semarangkab.go.id"
"Kab. Seluma > LPSE Kabupaten Seluma","https://spse.inaproc.id/selumakab","https://lpse.selumakab.go.id"
"Kab. Sekadau > LPSE Kabupaten Sekadau","https://spse.inaproc.id/sekadaukab","https://lpse.sekadaukab.go.id"
"Kab. Sarolangun > LPSE Kabupaten Sarolangun","https://spse.inaproc.id/sarolangunkab","https://lpse.sarolangunkab.go.id"
"Kab. Sarmi > LPSE Kabupaten Sarmi","https://spse.inaproc.id/sarmikab","https://lpse.sarmikab.go.id"
"Kab. Sanggau > LPSE Kabupaten Sanggau","https://spse.inaproc.id/sanggau","https://lpse.sanggau.go.id"
"Kab. Sampang > LPSE Kabupaten Sampang","https://spse.inaproc.id/sampangkab","https://lpse.sampangkab.go.id"
"Kab. Samosir > LPSE Kabupaten Samosir","https://spse.inaproc.id/samosirkab","https://lpse.samosirkab.go.id"
"Kab. Sambas > LPSE Kabupaten Sambas","https://spse.inaproc.id/sambas","https://lpse.sambas.go.id"
"Kab. Sabu Raijua > LPSE Kabupaten Sabu Raijua","https://spse.inaproc.id/saburaijuakab","https://lpse.saburaijuakab.go.id"
"Kab. Rote Ndao > LPSE Kabupaten Rote Ndao","https://spse.inaproc.id/rotendaokab","https://lpse.rotendaokab.go.id"
"Kab. Rokan Hulu > LPSE Kabupaten Rokan Hulu","https://spse.inaproc.id/rokanhulukab","https://lpse.rokanhulukab.go.id"
"Kab. Rokan Hilir > LPSE Kabupaten Rokan Hilir","https://spse.inaproc.id/rohilkab","https://lpse.rohilkab.go.id"
"Kab. Rembang > LPSE Kabupaten Rembang (Sekretariat Daerah Kabupaten Rembang Bagian Pengadaan Barang/Jasa)","https://spse.inaproc.id/rembangkab","https://lpse.rembangkab.go.id"
"Kab. Rejang Lebong > LPSE Kabupaten Rejang Lebong","https://spse.inaproc.id/rejanglebongkab","https://lpse.rejanglebongkab.go.id"
"Kab. Raja Ampat > LPSE Kabupaten Raja Ampat","https://spse.inaproc.id/rajaampatkab","https://lpse.rajaampatkab.go.id"
"Kab. Purworejo > LPSE Kabupaten Purworejo","https://spse.inaproc.id/purworejokab","https://lpse.purworejokab.go.id"
"Kab. Purwakarta > LPSE Kabupaten Purwakarta","https://spse.inaproc.id/purwakartakab","https://lpse.purwakartakab.go.id"
"Kab. Purbalingga > LPSE Kabupaten Purbalingga","https://spse.inaproc.id/purbalinggakab","https://lpse.purbalinggakab.go.id"
"Kab. Puncak Jaya > LPSE Kabupaten Puncak Jaya","https://spse.inaproc.id/puncakjayakab","https://lpse.puncakjayakab.go.id"
"Kab. Puncak > LPSE Kabupaten Puncak","https://spse.inaproc.id/puncakkab","https://lpse.puncakkab.go.id"
"Kab. Pulau Taliabu > LPSE Kabupaten Pulau Taliabu","https://spse.inaproc.id/taliabukab","https://lpse.taliabukab.go.id"
"Kab. Pulau Morotai > LPSE Kabupaten Pulau Morotai","https://spse.inaproc.id/pulaumorotaikab","https://lpse.pulaumorotaikab.go.id"
"Kab. Pulang Pisau > LPSE Kabupaten Pulang Pisau","https://spse.inaproc.id/pulangpisaukab","https://lpse.pulangpisaukab.go.id"
"Kab. Probolinggo > LPSE Kabupaten Probolinggo","https://spse.inaproc.id/probolinggokab","https://lpse.probolinggokab.go.id"
"Kab. Pringsewu > LPSE Kabupaten Pringsewu","https://spse.inaproc.id/pringsewukab","https://lpse.pringsewukab.go.id"
"Kab. Poso > LPSE Kabupaten Poso","https://spse.inaproc.id/posokab","https://lpse.posokab.go.id"
"Kab. Ponorogo > LPSE Kabupaten Ponorogo","https://spse.inaproc.id/ponorogo","https://lpse.ponorogo.go.id"
"Kab. Polewali Mandar > LPSE Kabupaten Polewali Mandar","https://spse.inaproc.id/polmankab","https://lpse.polmankab.go.id"
"Kab. Pohuwato > LPSE Kabupaten Pohuwato","https://spse.inaproc.id/pohuwatokab","https://lpse.pohuwatokab.go.id"
"Kab. Pinrang > LPSE Kabupaten Pinrang","https://spse.inaproc.id/pinrangkab","https://lpse.pinrangkab.go.id"
"Kab. Pidie Jaya > LPSE Provinsi Aceh","https://spse.inaproc.id/acehprov","https://lpse.acehprov.go.id"
"Kab. Pidie Jaya > LPSE Kabupaten Pidie Jaya","https://spse.inaproc.id/pidiejayakab","https://lpse.pidiejayakab.go.id"
"Kab. Pidie > LPSE Kabupaten Pidie","https://spse.inaproc.id/pidiekab","https://lpse.pidiekab.go.id"
"Kab. Pesisir Selatan > LPSE Kabupaten Pesisir Selatan","https://spse.inaproc.id/pesisirselatankab","https://lpse.pesisirselatankab.go.id"
"Kab. Pesisir Barat > LPSE Kabupaten Pesisir Barat","https://spse.inaproc.id/pesisirbaratkab","https://lpse.pesisirbaratkab.go.id"
"Kab. Pesawaran > LPSE Kabupaten Pesawaran","https://spse.inaproc.id/pesawarankab","https://lpse.pesawarankab.go.id"
"Kab. Penukal Abab Lematang Ilir > LPSE Kabupaten Penukal Abab Lematang Ilir","https://spse.inaproc.id/palikab","https://lpse.palikab.go.id"
"Kab. Penajam Paser Utara > LPSE Kabupaten Penajam Paser Utara","https://spse.inaproc.id/penajamkab","https://lpse.penajamkab.go.id"
"Kab. Pemalang > LPSE Kabupaten Pemalang","https://spse.inaproc.id/pemalangkab","https://lpse.pemalangkab.go.id"
"Kab. Pelalawan > LPSE Kabupaten Pelalawan","https://spse.inaproc.id/pelalawankab","https://lpse.pelalawankab.go.id"
"Kab. Pekalongan > LPSE Kabupaten Pekalongan","https://spse.inaproc.id/pekalongankab","https://lpse.pekalongankab.go.id"
"Kab. Pegunungan Bintang > LPSE Kabupaten Pegunungan Bintang","https://spse.inaproc.id/pegbintangkab","https://lpse.pegbintangkab.go.id"
"Kab. Pegunungan Arfak > LPSE Kabupaten Pegunungan Arfak","https://spse.inaproc.id/pegafkab","https://lpse.pegafkab.go.id"
"Kab. Pati > LPSE Kabupaten Pati","https://spse.inaproc.id/patikab","https://lpse.patikab.go.id"
"Kab. Pasuruan > LPSE Kabupaten Pasuruan","https://spse.inaproc.id/pasuruankab","https://lpse.pasuruankab.go.id"
"Kab. Paser > LPSE Kabupaten Paser","https://spse.inaproc.id/paserkab","https://lpse.paserkab.go.id"
"Kab. Pasangkayu > LPSE Kabupaten Pasangkayu","https://spse.inaproc.id/pasangkayukab","https://lpse.pasangkayukab.go.id"
"Kab. Pasaman Barat > LPSE Kabupaten Pasaman Barat","https://spse.inaproc.id/pasamanbaratkab","https://lpse.pasamanbaratkab.go.id"
"Kab. Pasaman > LPSE Kabupaten Pasaman","https://spse.inaproc.id/pasamankab","https://lpse.pasamankab.go.id"
"Kab. Parigi Moutong > LPSE Kabupaten Parigi Moutong","https://spse.inaproc.id/parigimoutongkab","https://lpse.parigimoutongkab.go.id"
"Kab. Pangkajene Kepulauan > LPSE Kabupaten Pangkajene dan Kepulauan","https://spse.inaproc.id/pangkepkab","https://lpse.pangkepkab.go.id"
"Kab. Pangandaran > LPSE Provinsi Jawa Barat","https://spse.inaproc.id/jabarprov","https://lpse.jabarprov.go.id"
"Kab. Pandeglang > LPSE Kabupaten Pandeglang","https://spse.inaproc.id/pandeglangkab","https://lpse.pandeglangkab.go.id"
"Kab. Pamekasan > LPSE Kabupaten Pamekasan","https://spse.inaproc.id/pamekasankab","https://lpse.pamekasankab.go.id"
"Kab. Pakpak Bharat > LPSE Kabupaten Pakpak Bharat","https://spse.inaproc.id/pakpakbharatkab","https://lpse.pakpakbharatkab.go.id"
"Kab. Padang Pariaman > LPSE Kabupaten Padang Pariaman","https://spse.inaproc.id/padangpariamankab","https://lpse.padangpariamankab.go.id"
"Kab. Padang Lawas Utara > LPSE Kabupaten Padang Lawas Utara","https://spse.inaproc.id/padanglawasutarakab","https://lpse.padanglawasutarakab.go.id"
"Kab. Padang Lawas > LPSE Kabupaten Padang Lawas","https://spse.inaproc.id/padanglawaskab","https://lpse.padanglawaskab.go.id"
"Kab. Pacitan > LPSE Kabupaten Pacitan","https://spse.inaproc.id/pacitankab","https://lpse.pacitankab.go.id"
"Kab. Ogan Komering Ulu Timur > LPSE Kabupaten Ogan Komering Ulu Timur","https://spse.inaproc.id/okutimurkab","https://lpse.okutimurkab.go.id"
"Kab. Ogan Komering Ulu Selatan > LPSE Kabupaten Ogan Komering Ulu Selatan","https://spse.inaproc.id/okuselatankab","https://lpse.okuselatankab.go.id"
"Kab. Ogan Komering Ulu > LPSE Kabupaten Ogan Komering Ulu","https://spse.inaproc.id/okukab","https://lpse.okukab.go.id"
"Kab. Ogan Komering Ilir > LPSE Kabupaten Ogan Komering Ilir","https://spse.inaproc.id/kaboki","https://lpse.kaboki.go.id"
"Kab. Ogan Ilir > LPSE Kabupaten Ogan Ilir","https://spse.inaproc.id/oganilirkab","https://lpse.oganilirkab.go.id"
"Kab. Nunukan > LPSE Kabupaten Nunukan","https://spse.inaproc.id/nunukankab","https://lpse.nunukankab.go.id"
"Kab. Nias Utara > LPSE Kabupaten Nias Utara","https://spse.inaproc.id/niasutarakab","https://lpse.niasutarakab.go.id"
"Kab. Nias Selatan > LPSE Kabupaten Nias Selatan","https://spse.inaproc.id/niasselatankab","https://lpse.niasselatankab.go.id"
"Kab. Nias Barat > LPSE Kabupaten Nias Barat","https://spse.inaproc.id/niasbaratkab","https://lpse.niasbaratkab.go.id"
"Kab. Nias > LPSE Kabupaten Nias","https://spse.inaproc.id/niaskab","https://lpse.niaskab.go.id"
"Kab. Ngawi > LPSE Kabupaten Ngawi","https://spse.inaproc.id/ngawikab","https://lpse.ngawikab.go.id"
"Kab. Nganjuk > LPSE Kabupaten Nganjuk","https://spse.inaproc.id/nganjukkab","https://lpse.nganjukkab.go.id"
"Kab. Ngada > LPSE Kabupaten Ngada","https://spse.inaproc.id/ngadakab","https://lpse.ngadakab.go.id"
"Kab. Natuna > LPSE Kabupaten Natuna","https://spse.inaproc.id/natunakab","https://lpse.natunakab.go.id"
"Kab. Nagekeo > LPSE Kabupaten Nagekeo","https://spse.inaproc.id/nagekeokab","https://lpse.nagekeokab.go.id"
"Kab. Nagan Raya > LPSE Kabupaten Nagan Raya","https://spse.inaproc.id/naganrayakab","https://lpse.naganrayakab.go.id"
"Kab. Nabire > LPSE Kabupaten Nabire","https://spse.inaproc.id/nabirekab","https://lpse.nabirekab.go.id"
"Kab. Musi Rawas Utara > LPSE Kabupaten Musi Rawas Utara","https://spse.inaproc.id/muratarakab","https://lpse.muratarakab.go.id"
"Kab. Musi Rawas > LPSE Kabupaten Musi Rawas","https://spse.inaproc.id/musirawaskab","https://lpse.musirawaskab.go.id"
"Kab. Musi Banyuasin > LPSE Kabupaten Musi Banyuasin","https://spse.inaproc.id/mubakab","https://lpse.mubakab.go.id"
"Kab. Murung Raya > LPSE Kabupaten Murung Raya","https://spse.inaproc.id/murungrayakab","https://lpse.murungrayakab.go.id"
"Kab. Muna Barat > LPSE Kabupaten Muna Barat","https://spse.inaproc.id/munabaratkab","https://lpse.munabaratkab.go.id"
"Kab. Muna > LPSE Kabupaten Muna","https://spse.inaproc.id/munakab","https://lpse.munakab.go.id"
"Kab. Muko Muko > LPSE Kabupaten Muko Muko","https://spse.inaproc.id/mukomukokab","https://lpse-mukomukokab.go.id"
"Kab. Muaro Jambi > LPSE Kabupaten Muaro Jambi","https://spse.inaproc.id/muarojambikab","https://lpse.muarojambikab.go.id"
"Kab. Muara Enim > LPSE Kabupaten Muara Enim","https://spse.inaproc.id/muaraenimkab","https://lpse.muaraenimkab.go.id"
"Kab. Morowali Utara > LPSE Kabupaten Morowali Utara","https://spse.inaproc.id/morowaliutarakab","https://lpse.morowaliutarakab.go.id"
"Kab. Morowali > LPSE Kabupaten Morowali","https://spse.inaproc.id/morowalikab","https://lpse.morowalikab.go.id"
"Kab. Mojokerto > LPSE Kabupaten Mojokerto","https://spse.inaproc.id/mojokertokab","https://lpse.mojokertokab.go.id"
"Kab. Minahasa Utara > LPSE Kabupaten Minahasa Utara","https://spse.inaproc.id/minut","https://lpse.minut.go.id"
"Kab. Minahasa Tenggara > LPSE Kabupaten Minahasa Tenggara","https://spse.inaproc.id/mitrakab","https://lpse.mitrakab.go.id"
"Kab. Minahasa Selatan > LPSE Kabupaten Minahasa Selatan","https://spse.inaproc.id/minselkab","https://lpse.minselkab.go.id"
"Kab. Minahasa > LPSE Kabupaten Minahasa","https://spse.inaproc.id/minahasa","https://lpse.minahasa.go.id"
"Kab. Mimika > LPSE Kabupaten Mimika","https://spse.inaproc.id/mimikakab","https://lpse.mimikakab.go.id"
"Kab. Mesuji > LPSE Kabupaten Mesuji","https://spse.inaproc.id/mesujikab","https://lpse.mesujikab.go.id"
"Kab. Merauke > LPSE Kabupaten Merauke","https://spse.inaproc.id/merauke","https://lpse.merauke.go.id"
"Kab. Merangin > LPSE Kabupaten Merangin","https://spse.inaproc.id/meranginkab","https://lpse.meranginkab.go.id"
"Kab. Mempawah > LPSE Kabupaten Mempawah","https://spse.inaproc.id/mempawahkab","https://lpse.mempawahkab.go.id"
"Kab. Melawi > LPSE Kabupaten Melawi","https://spse.inaproc.id/melawikab","https://lpse.melawikab.go.id"
"Kab. Maros > LPSE Kabupaten Maros","https://spse.inaproc.id/maroskab","https://lpse.maroskab.go.id"
"Kab. Mappi > LPSE Kabupaten Mappi","https://spse.inaproc.id/mappikab","https://lpse.mappikab.go.id"
"Kab. Manokwari Selatan > LPSE KABUPATEN Manokwari Selatan","https://spse.inaproc.id/manselkab","https://lpse.manselkab.go.id"
"Kab. Manokwari > LPSE Kabupaten Manokwari","https://spse.inaproc.id/manokwarikab","https://lpse.manokwarikab.go.id"
"Kab. Manggarai Timur > LPSE Kabupaten Manggarai Timur","https://spse.inaproc.id/manggaraitimurkab","https://lpse.manggaraitimurkab.go.id"
"Kab. Manggarai Barat > LPSE Kabupaten Manggarai Barat","https://spse.inaproc.id/manggaraibaratkab","https://lpse.manggaraibaratkab.go.id"
"Kab. Manggarai > LPSE Kabupaten Manggarai","https://spse.inaproc.id/manggaraikab","https://lpse.manggaraikab.go.id"
"Kab. Mandailing Natal > LPSE Kabupaten Mandailing Natal","https://spse.inaproc.id/madina","https://lpse.madina.go.id"
"Kab. Mamuju Tengah > LPSE Kabupaten Mamuju Tengah","https://spse.inaproc.id/mamujutengahkab","https://lpse.mamujutengahkab.go.id"
"Kab. Mamuju > LPSE Kabupaten Mamuju","https://spse.inaproc.id/mamujukab","https://lpse.mamujukab.go.id"
"Kab. Mamberamo Tengah > LPSE Kabupaten Mamberamo Tengah","https://spse.inaproc.id/mamberamotengahkab","https://lpse.mamberamotengahkab.go.id"
"Kab. Mamberamo Raya > LPSE Kabupaten Mamberamo Raya","https://spse.inaproc.id/mamberamorayakab","https://lpse.mamberamorayakab.go.id"
"Kab. Mamasa > LPSE Kabupaten Mamasa","https://spse.inaproc.id/mamasakab","https://lpse.mamasakab.go.id"
"Kab. Maluku Tenggara > LPSE Kabupaten Maluku Tenggara","https://spse.inaproc.id/malukutenggarakab","https://lpse.malukutenggarakab.go.id"
"Kab. Maluku Tengah > LPSE Kabupaten Maluku Tengah","https://spse.inaproc.id/maltengkab","https://lpse.maltengkab.go.id"
"Kab. Maluku Barat Daya > LPSE Kabupaten Maluku Barat Daya","https://spse.inaproc.id/malukubaratdayakab","https://lpse.malukubaratdayakab.go.id"
"Kab. Malinau > LPSE Kabupaten Malinau","https://spse.inaproc.id/malinau","https://lpse.malinau.go.id"
"Kab. Malang > LPSE Kabupaten Malang","https://spse.inaproc.id/malangkab","https://lpse.malangkab.go.id"
"Kab. Majene > LPSE Kabupaten Majene","https://spse.inaproc.id/majenekab","https://lpse.majenekab.go.id"
"Kab. Majalengka > LPSE Kabupaten Majalengka","https://spse.inaproc.id/majalengkakab","https://lpse.majalengkakab.go.id"
"Kab. Mahakam Ulu > LPSE Kabupaten Mahakam Ulu","https://spse.inaproc.id/mahakamulukab","https://lpse.mahakamulukab.go.id"
"Kab. Magetan > LPSE Kabupaten Magetan","https://spse.inaproc.id/magetan","https://lpse.magetan.go.id"
"Kab. Magelang > LPSE Kabupaten Magelang","https://spse.inaproc.id/magelangkab","https://lpse.magelangkab.go.id"
"Kab. Madiun > LPSE Kabupaten Madiun","https://spse.inaproc.id/madiunkab","https://lpse.madiunkab.go.id"
"Kab. Luwu Utara > LPSE Kabupaten Luwu Utara","https://spse.inaproc.id/luwuutarakab","https://lpse.luwuutarakab.go.id"
"Kab. Luwu Timur > LPSE Kabupaten Luwu Timur","https://spse.inaproc.id/luwutimurkab","https://lpse.luwutimurkab.go.id"
"Kab. Luwu > LPSE Kabupaten Luwu","https://spse.inaproc.id/luwukab","https://lpse.luwukab.go.id"
"Kab. Lumajang > LPSE Kabupaten Lumajang","https://spse.inaproc.id/lumajangkab","https://lpse.lumajangkab.go.id"
"Kab. Lombok Utara > LPSE Kabupaten Lombok Utara","https://spse.inaproc.id/lombokutarakab","https://lpse.lombokutarakab.go.id"
"Kab. Lombok Timur > LPSE Kabupaten Lombok Timur","https://spse.inaproc.id/lomboktimurkab","https://lpse.lomboktimurkab.go.id"
"Kab. Lombok Tengah > LPSE Kabupaten Lombok Tengah","https://spse.inaproc.id/lomboktengahkab","https://www.lpse.lomboktengahkab.go.id"
"Kab. Lombok Barat > LPSE Kabupaten Lombok Barat","https://spse.inaproc.id/lombokbaratkab","https://lpse.lombokbaratkab.go.id"
"Kab. Lingga > LPSE Kabupaten Lingga","https://spse.inaproc.id/linggakab","https://lpse.linggakab.go.id"
"Kab. Lima Puluh Kota > LPSE Kabupaten Lima Puluh Kota","https://spse.inaproc.id/limapuluhkotakab","https://lpse.limapuluhkotakab.go.id"
"Kab. Lembata > LPSE Kabupaten Lembata","https://spse.inaproc.id/lembatakab","https://lpse.lembatakab.go.id"
"Kab. Lebong > LPSE Kabupaten Lebong","https://spse.inaproc.id/lebongkab","https://lpse.lebongkab.go.id"
"Kab. Lebak > LPSE Kabupaten Lebak","https://spse.inaproc.id/lebakkab","https://lpse.lebakkab.go.id"
"Kab. Lanny Jaya > LPSE Kabupaten Lanny Jaya","https://spse.inaproc.id/lannyjayakab","https://lpse-lannyjayakab.id"
"Kab. Langkat > LPSE Kabupaten Langkat","https://spse.inaproc.id/langkatkab","https://lpse.langkatkab.go.id"
"Kab. Landak > LPSE Kabupaten Landak","https://spse.inaproc.id/landakkab","https://lpse.landakkab.go.id"
"Kab. Lampung Utara > LPSE Kabupaten Lampung Utara","https://spse.inaproc.id/lampungutarakab","https://lpse.lampungutarakab.go.id"
"Kab. Lampung Tengah > LPSE Kabupaten Lampung Tengah","https://spse.inaproc.id/lampungtengahkab","https://lpse.lampungtengahkab.go.id"
"Kab. Lampung Barat > LPSE Kabupaten Lampung Barat","https://spse.inaproc.id/lampungbaratkab","https://lpse.lampungbaratkab.go.id"
"Kab. Lamongan > LPSE Kabupaten Lamongan","https://spse.inaproc.id/lamongankab","https://lpse.lamongankab.go.id"
"Kab. Lamandau > LPSE Kabupaten Lamandau","https://spse.inaproc.id/lamandaukab","https://lpse.lamandaukab.go.id"
"Kab. Lahat > LPSE Kabupaten Lahat","https://spse.inaproc.id/lahatkab","https://lpse.lahatkab.go.id"
"Kab. Labuhanbatu Utara > LPSE Kabupaten Labuhan Batu Utara","https://spse.inaproc.id/labura","https://lpse.labura.go.id"
"Kab. Labuhanbatu Selatan > LPSE Kabupaten Labuhan Batu Selatan","https://spse.inaproc.id/labuhanbatuselatankab","https://lpse.labuhanbatuselatankab.go.id"
"Kab. Labuhanbatu > LPSE Kabupaten Labuhan Batu","https://spse.inaproc.id/labuhanbatukab","https://lpse.labuhanbatukab.go.id"
"Kab. Kutai Timur > LPSE Kabupaten Kutai Timur","https://spse.inaproc.id/kutaitimurkab","https://lpse.kutaitimurkab.go.id"
"Kab. Kutai Kartanegara > LPSE Kabupaten Kutai Kartanegara","https://spse.inaproc.id/kukarkab","https://lpse.kukarkab.go.id"
"Kab. Kutai Barat > LPSE Kabupaten Kutai Barat","https://spse.inaproc.id/kutaibaratkab","https://lpse.kutaibaratkab.go.id"
"Kab. Kupang > LPSE Kabupaten Kupang","https://spse.inaproc.id/kupangkab","https://lpse.kupangkab.go.id"
"Kab. Kuningan > LPSE Kabupaten Kuningan","https://spse.inaproc.id/kuningankab","https://lpse.kuningankab.go.id"
"Kab. Kulon Progo > LPSE Kabupaten Kulon Progo","https://spse.inaproc.id/kulonprogokab","https://lpse.kulonprogokab.go.id"
"Kab. Kudus > LPSE Kabupaten Kudus","https://spse.inaproc.id/kuduskab","https://lpse.kuduskab.go.id"
"Kab. Kubu Raya > LPSE Kabupaten Kuburaya","https://spse.inaproc.id/kuburayakab","https://lpse.kuburayakab.go.id"
"Kab. Kuantan Singingi > LPSE Kabupaten Kuantan Singingi","https://spse.inaproc.id/kuansing","https://lpse.kuansing.go.id"
"Kab. Kotawaringin Timur > LPSE Kabupaten Kotawaringin Timur","https://spse.inaproc.id/kotimkab","https://lpse.kotimkab.go.id"
"Kab. Kotawaringin Barat > LPSE Kabupaten Kotawaringin Barat","https://spse.inaproc.id/kotawaringinbaratkab","https://lpse.kotawaringinbaratkab.go.id"
"Kab. Kotabaru > LPSE Kabupaten Kotabaru","https://spse.inaproc.id/kotabarukab","https://lpse.kotabarukab.go.id"
"Kab. Konawe Utara > LPSE Kabupaten Konawe Utara","https://spse.inaproc.id/konaweutarakab","https://lpse.konaweutarakab.go.id"
"Kab. Konawe Selatan > LPSE Kabupaten Konawe Selatan","https://spse.inaproc.id/konaweselatankab","https://lpse.konaweselatankab.go.id"
"Kab. Konawe Kepulauan > LPSE Kabupaten Konawe Kepulauan","https://spse.inaproc.id/konkepkab","https://lpse.konkepkab.go.id"
"Kab. Konawe > LPSE Kabupaten Konawe","https://spse.inaproc.id/konawekab","https://lpse.konawekab.go.id"
"Kab. Kolaka Utara > LPSE Kabupaten Kolaka Utara","https://spse.inaproc.id/kolutkab","https://lpse.kolutkab.go.id"
"Kab. Kolaka Timur > LPSE Kabupaten Kolaka Timur","https://spse.inaproc.id/kolakatimurkab","https://lpse.kolakatimurkab.go.id"
"Kab. Kolaka > LPSE Kabupaten Kolaka","https://spse.inaproc.id/kolakakab","https://lpse.kolakakab.go.id"
"Kab. Klungkung > LPSE Kabupaten Klungkung","https://spse.inaproc.id/klungkungkab","https://lpse.klungkungkab.go.id"
"Kab. Klaten > LPSE Kabupaten Klaten","https://spse.inaproc.id/klaten","https://lpse.klaten.go.id"
"Kab. Ketapang > LPSE Kabupaten Ketapang","https://spse.inaproc.id/ketapangkab","https://lpse.ketapangkab.go.id"
"Kab. Kerinci > LPSE Kabupaten Kerinci","https://spse.inaproc.id/kerincikab","https://lpse.kerincikab.go.id"
"Kab. Kepulauan Yapen > LPSE Kabupaten Kepulauan Yapen","https://spse.inaproc.id/kepyapenkab","https://lpse.kepyapenkab.go.id"
"Kab. Kepulauan Tanimbar > LPSE Kabupaten Maluku Tenggara Barat","https://spse.inaproc.id/tanimbar","https://lpse.tanimbar.go.id"
"Kab. Kepulauan Talaud > LPSE Kabupaten Talaud","https://spse.inaproc.id/talaudkab","https://lpse.talaudkab.go.id"
"Kab. Kepulauan Sula > LPSE Kabupaten Sula","https://spse.inaproc.id/kepulauansulakab","https://lpse.kepulauansulakab.go.id"
"Kab. Kepulauan Selayar > LPSE Kabupaten Kepulauan Selayar","https://spse.inaproc.id/kepulauanselayarkab","https://lpse.kepulauanselayarkab.go.id"
"Kab. Kepulauan Sangihe > LPSE Kabupaten Kepulauan Sangihe","https://spse.inaproc.id/sangihekab","https://lpse.sangihekab.go.id"
"Kab. Kepulauan Meranti > LPSE Kabupaten Meranti","https://spse.inaproc.id/merantikab","https://lpse.merantikab.go.id"
"Kab. Kepulauan Mentawai > LPSE Kabupaten Kepulauan Mentawai","https://spse.inaproc.id/mentawaikab","https://lpse.mentawaikab.go.id"
"Kab. Kepulauan Aru > LPSE Kabupaten Kepulauan Aru","https://spse.inaproc.id/kepulauanarukab","https://lpse.kepulauanarukab.go.id"
"Kab. Kepulauan Anambas > LPSE Kabupaten Kepulauan Anambas","https://spse.inaproc.id/anambaskab","https://lpse.anambaskab.go.id"
"Kab. Kepahiang > LPSE Kabupaten Kepahiang","https://spse.inaproc.id/kepahiangkab","https://lpse.kepahiangkab.go.id"
"Kab. Kep. Siau Tagulandang Biaro > LPSE Kabupaten Siau Tagulandang Biaro","https://spse.inaproc.id/sitarokab","https://lpse.sitarokab.go.id"
"Kab. Kendal > LPSE Kabupaten Kendal","https://spse.inaproc.id/kendalkab","https://lpse.kendalkab.go.id"
"Kab. Keerom > LPSE Kabupaten Keerom","https://spse.inaproc.id/keeromkab","https://lpse.keeromkab.go.id"
"Kab. Kediri > LPSE Kabupaten Kediri","https://spse.inaproc.id/kedirikab","https://lpse.kedirikab.go.id"
"Kab. Kebumen > LPSE Kabupaten Kebumen","https://spse.inaproc.id/kebumenkab","https://lpse.kebumenkab.go.id"
"Kab. Kayong Utara > LPSE Kabupaten Kayong Utara","https://spse.inaproc.id/kayongutarakab","https://lpse.kayongutarakab.go.id"
"Kab. Kaur > LPSE Kabupaten Kaur","https://spse.inaproc.id/kaurkab","https://lpse.kaurkab.go.id"
"Kab. Karo > LPSE Kabupaten Karo","https://spse.inaproc.id/karokab","https://lpse.karokab.go.id"
"Kab. Karimun > LPSE Kabupaten Karimun","https://spse.inaproc.id/karimunkab","https://lpsetbk.karimunkab.go.id"
"Kab. Karawang > LPSE Kabupaten Karawang","https://spse.inaproc.id/karawangkab","https://lpse.karawangkab.go.id"
"Kab. Karangasem > LPSE Kabupaten Karangasem","https://spse.inaproc.id/karangasemkab","https://lpse.karangasemkab.go.id"
"Kab. Karanganyar > LPSE Kabupaten Karanganyar","https://spse.inaproc.id/karanganyarkab","https://lpse.karanganyarkab.go.id"
"Kab. Kapuas Hulu > LPSE Kabupaten Kapuas Hulu","https://spse.inaproc.id/kapuashulukab","https://lpse.kapuashulukab.go.id"
"Kab. Kapuas > LPSE Kabupaten Kapuas","https://spse.inaproc.id/kapuaskab","https://lpse.kapuaskab.go.id"
"Kab. Kampar > LPSE Kabupaten Kampar","https://spse.inaproc.id/kamparkab","https://lpse.kamparkab.go.id"
"Kab. Kaimana > LPSE Kabupaten Kaimana","https://spse.inaproc.id/kaimanakab","https://lpse.kaimanakab.go.id"
"Kab. Jombang > LPSE Kabupaten Jombang","https://spse.inaproc.id/jombangkab","https://lpse.jombangkab.go.id"
"Kab. Jepara > LPSE Kabupaten Jepara","https://spse.inaproc.id/jepara","https://lpse.jepara.go.id"
"Kab. Jeneponto > LPSE Kabupaten Jeneponto","https://spse.inaproc.id/jenepontokab","https://lpse.jenepontokab.go.id"
"Kab. Jembrana > LPSE Kabupaten Jembrana","https://spse.inaproc.id/jembranakab","https://lpse.jembranakab.go.id"
"Kab. Jember > LPSE Kabupaten Jember","https://spse.inaproc.id/jemberkab","https://lpse.jemberkab.go.id"
"Kab. Jayawijaya > LPSE Kabupaten Jayawijaya","https://spse.inaproc.id/jayawijayakab","https://lpse.jayawijayakab.go.id"
"Kab. Jayapura > LPSE Kabupaten Jayapura","https://spse.inaproc.id/jayapurakab","https://lpse.jayapurakab.go.id"
"Kab. Intan Jaya > LPSE Kabupaten Intan Jaya","https://spse.inaproc.id/intanjayakab","https://lpse.intanjayakab.go.id"
"Kab. Indramayu > LPSE Kabupaten Indramayu","https://spse.inaproc.id/indramayukab","https://lpse.indramayukab.go.id"
"Kab. Indragiri Hulu > LPSE Kabupaten Indragiri Hulu","https://spse.inaproc.id/inhukab","https://lpse.inhukab.go.id"
"Kab. Indragiri Hilir > LPSE Kabupaten Indragiri Hilir","https://spse.inaproc.id/inhilkab","https://lpse.inhilkab.go.id"
"Kab. Humbang Hasundutan > LPSE Kabupaten Humbang Hasundutan","https://spse.inaproc.id/humbanghasundutankab","https://lpse.humbanghasundutankab.go.id"
"Kab. Hulu Sungai Utara > LPSE Kabupaten Hulu Sungai Utara","https://spse.inaproc.id/hsu","https://lpse.hsu.go.id"
"Kab. Hulu Sungai Tengah > LPSE Kabupaten Hulu Sungai Tengah","https://spse.inaproc.id/hstkab","https://lpse.hstkab.go.id"
"Kab. Hulu Sungai Selatan > LPSE Kabupaten Hulu Sungai Selatan","https://spse.inaproc.id/hulusungaiselatankab","https://lpse.hulusungaiselatankab.go.id"
"Kab. Halmahera Utara > LPSE Kabupaten Halmahera Utara","https://spse.inaproc.id/halmaherautarakab","https://lpse.halmaherautarakab.go.id"
"Kab. Halmahera Timur > LPSE Kabupaten Halmahera Timur","https://spse.inaproc.id/haltimkab","https://lpse.haltimkab.go.id"
"Kab. Halmahera Tengah > LPSE Kabupaten Halmahera Tengah","https://spse.inaproc.id/haltengkab","https://lpse.haltengkab.go.id"
"Kab. Halmahera Selatan > LPSE Kabupaten Halmahera Selatan","https://spse.inaproc.id/halmaheraselatankab","https://lpse.halmaheraselatankab.go.id"
"Kab. Halmahera Barat > LPSE Kabupaten Halmahera Barat","https://spse.inaproc.id/halbarkab","https://lpse.halbarkab.go.id"
"Kab. Gunungkidul > LPSE Kabupaten Gunungkidul","https://spse.inaproc.id/gunungkidulkab","https://lpse.gunungkidulkab.go.id"
"Kab. Gunung Mas > LPSE Kabupaten Gunung Mas","https://spse.inaproc.id/gunungmaskab","https://lpse.gunungmaskab.go.id"
"Kab. Grobogan > LPSE Kabupaten Grobogan","https://spse.inaproc.id/grobogan","https://lpse.grobogan.go.id"
"Kab. Gresik > LPSE Kabupaten Gresik","https://spse.inaproc.id/gresikkab","https://lpse.gresikkab.go.id"
"Kab. Gowa > LPSE Kabupaten Gowa","https://spse.inaproc.id/gowakab","https://lpse.gowakab.go.id"
"Kab. Gorontalo Utara > LPSE Kabupaten Gorontalo Utara","https://spse.inaproc.id/gorutkab","https://lpse.gorutkab.go.id"
"Kab. Gorontalo > LPSE Kabupaten Gorontalo","https://spse.inaproc.id/gorontalokab","https://lpse.gorontalokab.go.id"
"Kab. Gianyar > LPSE Kabupaten Gianyar","https://spse.inaproc.id/gianyarkab","https://lpse.gianyarkab.go.id"
"Kab. Gayo Lues > LPSE Kabupaten Gayo Lues","https://spse.inaproc.id/gayolueskab","https://lpse.gayolueskab.go.id"
"Kab. Garut > LPSE Provinsi Jawa Barat","https://spse.inaproc.id/jabarprov","https://lpse.jabarprov.go.id"
"Kab. Flores Timur > LPSE Kabupaten Flores Timur","https://spse.inaproc.id/florestimurkab","https://lpse.florestimurkab.go.id"
"Kab. Fak Fak > LPSE Kabupaten Fakfak","https://spse.inaproc.id/fakfakkab","https://lpse.fakfakkab.go.id"
"Kab. Enrekang > LPSE Kabupaten Enrekang","https://spse.inaproc.id/enrekangkab","https://lpse.enrekangkab.go.id"
"Kab. Ende > LPSE Kabupaten Ende","https://spse.inaproc.id/endekab","https://lpse.endekab.go.id"
"Kab. Empat Lawang > LPSE Kabupaten Empat Lawang","https://spse.inaproc.id/empatlawangkab","https://lpse.empatlawangkab.go.id"
"Kab. Donggala > LPSE Kabupaten Donggala","https://spse.inaproc.id/donggala","https://lpse.donggala.go.id"
"Kab. Dompu > LPSE Kabupaten Dompu","https://spse.inaproc.id/dompukab","https://lpse.dompukab.go.id"
"Kab. Dogiyai > LPSE Kabupaten Dogiyai","https://spse.inaproc.id/dogiyaikab","https://lpse.dogiyaikab.go.id"
"Kab. Dharmasraya > LPSE Kabupaten Dharmasraya","https://spse.inaproc.id/dharmasrayakab","https://lpse.dharmasrayakab.go.id"
"Kab. Demak > LPSE Kabupaten Demak","https://spse.inaproc.id/demakkab","https://lpse.demakkab.go.id"
"Kab. Deli Serdang > LPSE Kabupaten Deli Serdang","https://spse.inaproc.id/deliserdangkab","https://lpse.deliserdangkab.go.id"
"Kab. Deiyai > LPSE Kabupaten Deiyai","https://spse.inaproc.id/deiyaikab","https://lpse.deiyaikab.go.id"
"Kab. Dairi > LPSE Kabupaten Dairi","https://spse.inaproc.id/dairikab","https://lpse.dairikab.go.id"
"Kab. Cirebon > LPSE Kabupaten Cirebon","https://spse.inaproc.id/cirebonkab","https://lpse.cirebonkab.go.id"
"Kab. Cilacap > LPSE Kabupaten Cilacap","https://spse.inaproc.id/cilacapkab","https://lpse.cilacapkab.go.id"
"Kab. Cianjur > LPSE Kabupaten Cianjur","https://spse.inaproc.id/cianjurkab","https://lpse.cianjurkab.go.id"
"Kab. Ciamis > LPSE Kabupaten Ciamis","https://spse.inaproc.id/ciamiskab","https://lpse.ciamiskab.go.id"
"Kab. Buton Utara > LPSE Kabupaten Buton Utara","https://spse.inaproc.id/butonutarakab","https://lpse.butonutarakab.go.id"
"Kab. Buton Tengah > LPSE Kabupaten Buton Tengah","https://spse.inaproc.id/butontengahkab","https://lpse.butontengahkab.go.id"
"Kab. Buton Selatan > LPSE Kabupaten Buton Selatan","https://spse.inaproc.id/butonselatankab","https://lpse.butonselatankab.go.id"
"Kab. Buton > LPSE Kabupaten Buton","https://spse.inaproc.id/butonkab","https://lpse.butonkab.go.id"
"Kab. Buru Selatan > LPSE Kabupaten Buru Selatan","https://spse.inaproc.id/burselkab","https://lpse.burselkab.go.id"
"Kab. Buru > LPSE Kabupaten Buru","https://spse.inaproc.id/burukab","https://lpse.burukab.go.id"
"Kab. Buol > LPSE Kabupaten Buol","https://spse.inaproc.id/buolkab","https://lpsebuolkab.org"
"Kab. Bungo > LPSE Kabupaten Bungo","https://spse.inaproc.id/bungokab","https://lpse.bungokab.go.id"
"Kab. Bulungan > LPSE Kabupaten Bulungan","https://spse.inaproc.id/bulungan","https://spse.bulungan.go.id"
"Kab. Bulukumba > LPSE Kabupaten Bulukumba","https://spse.inaproc.id/bulukumbakab","https://lpse.bulukumbakab.go.id"
"Kab. Buleleng > LPSE Kabupaten Buleleng","https://spse.inaproc.id/bulelengkab","https://eproc.bulelengkab.go.id"
"Kab. Brebes > LPSE Kabupaten Brebes","https://spse.inaproc.id/brebeskab","https://lpse.brebeskab.go.id"
"Kab. Boyolali > LPSE Kabupaten Boyolali","https://spse.inaproc.id/boyolali","https://lpse.boyolali.go.id"
"Kab. Boven Digoel > LPSE Kabupaten Boven Digoel","https://spse.inaproc.id/bovendigoelkab","https://lpse.bovendigoelkab.go.id"
"Kab. Bone Bolango > LPSE Kabupaten Bone Bolango","https://spse.inaproc.id/bonebolangokab","https://lpse.bonebolangokab.go.id"
"Kab. Bone > LPSE Kabupaten Bone","https://spse.inaproc.id/bone","https://lpse.bone.go.id"
"Kab. Bondowoso > LPSE Kabupaten Bondowoso","https://spse.inaproc.id/bondowosokab","https://lpse.bondowosokab.go.id"
"Kab. Bombana > LPSE Kabupaten Bombana","https://spse.inaproc.id/bombanakab","https://lpse.bombanakab.go.id"
"Kab. Bolaang Mongondow Utara > LPSE Kabupaten Bolaang Mongondow Utara","https://spse.inaproc.id/bolmutkab","https://lpse.bolmutkab.go.id"
"Kab. Bolaang Mongondow Timur > LPSE Kabupaten Bolaang Mongondow Timur","https://spse.inaproc.id/boltimkab","https://lpse.boltimkab.go.id"
"Kab. Bolaang Mongondow Selatan > LPSE Kabupaten Bolaang Mongondow Selatan","https://spse.inaproc.id/bolselkab","https://lpse.bolselkab.go.id"
"Kab. Bolaang Mongondow > LPSE Kabupaten Bolaang Mongondow","https://spse.inaproc.id/bolmongkab","https://lpse.bolmongkab.go.id"
"Kab. Bojonegoro > LPSE Kabupaten Bojonegoro","https://spse.inaproc.id/bojonegorokab","https://lpse.bojonegorokab.go.id"
"Kab. Bogor > LPSE Kabupaten Bogor","https://spse.inaproc.id/bogorkab","https://lpse.bogorkab.go.id"
"Kab. Boalemo > LPSE Kabupaten Boalemo","https://spse.inaproc.id/boalemokab","https://lpse.boalemokab.go.id"
"Kab. Blora > LPSE Kabupaten Blora","https://spse.inaproc.id/blorakab","https://lpse.blorakab.go.id"
"Kab. Blitar > LPSE Kabupaten Blitar","https://spse.inaproc.id/blitarkab","https://lpse.blitarkab.go.id"
"Kab. Bireuen > LPSE Kabupaten Bireuen","https://spse.inaproc.id/bireuenkab","https://lpse.bireuenkab.go.id"
"Kab. Bintan > LPSE Kabupaten Bintan","https://spse.inaproc.id/bintankab","https://lpse.bintankab.go.id"
"Kab. Bima > LPSE Kabupaten Bima","https://spse.inaproc.id/bimakab","https://lpse.bimakab.go.id"
"Kab. Biak Numfor > LPSE Kabupaten Biak Numfor","https://spse.inaproc.id/biakkab","https://lpse.biakkab.go.id"
"Kab. Berau > LPSE Kabupaten Berau","https://spse.inaproc.id/beraukab","https://spse.beraukab.go.id"
"Kab. Bengkulu Utara > LPSE Kabupaten Bengkulu Utara","https://spse.inaproc.id/bengkuluutarakab","https://lpse.bengkuluutarakab.go.id"
"Kab. Bengkulu Tengah > LPSE Kabupaten Bengkulu Tengah","https://spse.inaproc.id/bengkulutengahkab","https://lpse.bengkulutengahkab.go.id"
"Kab. Bengkulu Selatan > LPSE Kabupaten Bengkulu Selatan","https://spse.inaproc.id/bengkuluselatankab","https://lpse.bengkuluselatankab.go.id"
"Kab. Bengkayang > LPSE Kabupaten Bengkayang","https://spse.inaproc.id/bengkayangkab","https://lpse.bengkayangkab.go.id"
"Kab. Bengkalis > LPSE Kabupaten Bengkalis","https://spse.inaproc.id/bengkaliskab","https://lpse.bengkaliskab.go.id"
"Kab. Bener Meriah > LPSE Kabupaten Bener Meriah","https://spse.inaproc.id/benermeriahkab","https://lpse.benermeriahkab.go.id"
"Kab. Belu > LPSE Kabupaten Belu","https://spse.inaproc.id/belukab","https://lpse.belukab.go.id"
"Kab. Belitung Timur > LPSE Kabupaten Belitung Timur","https://spse.inaproc.id/beltim","https://lpse.beltim.go.id"
"Kab. Belitung > LPSE Kabupaten Belitung","https://spse.inaproc.id/belitung","https://lpse.belitung.go.id"
"Kab. Bekasi > LPSE Kabupaten Bekasi","https://spse.inaproc.id/bekasikab","https://lpse.bekasikab.go.id"
"Kab. Batu Bara > LPSE Kabupaten Batu Bara","https://spse.inaproc.id/batubarakab","https://lpse.batubarakab.go.id"
"Kab. Batanghari > LPSE Kabupaten Batanghari","https://spse.inaproc.id/batangharikab","https://lpse.batangharikab.go.id"
"Kab. Batang > LPSE Kabupaten Batang","https://spse.inaproc.id/batangkab","https://lpse.batangkab.go.id"
"Kab. Barru > LPSE Kabupaten Barru","https://spse.inaproc.id/barrukab","https://lpse.barrukab.go.id"
"Kab. Barito Utara > LPSE Kabupaten Barito Utara","https://spse.inaproc.id/baritoutarakab","https://lpse.baritoutarakab.go.id"
"Kab. Barito Timur > LPSE Kabupaten Barito Timur","https://spse.inaproc.id/baritotimurkab","https://lpse.baritotimurkab.go.id"
"Kab. Barito Selatan > LPSE Kabupaten Barito Selatan","https://spse.inaproc.id/baritoselatankab","https://lpse.baritoselatankab.go.id"
"Kab. Barito Kuala > LPSE Kabupaten Barito Kuala","https://spse.inaproc.id/baritokualakab","https://lpse.baritokualakab.go.id"
"Kab. Banyuwangi > LPSE Kabupaten Banyuwangi","https://spse.inaproc.id/banyuwangikab","https://lpse.banyuwangikab.go.id"
"Kab. Banyumas > LPSE Kabupaten Banyumas","https://spse.inaproc.id/banyumaskab","https://lpse.banyumaskab.go.id"
"Kab. Banyuasin > LPSE Kabupaten Banyuasin","https://spse.inaproc.id/banyuasinkab","https://lpse.banyuasinkab.go.id"
"Kab. Bantul > LPSE Kabupaten Bantul","https://spse.inaproc.id/bantulkab","https://lpse.bantulkab.go.id"
"Kab. Bantaeng > LPSE Kabupaten Bantaeng","https://spse.inaproc.id/bantaengkab","https://lpse.bantaengkab.go.id"
"Kab. Banjarnegara > LPSE Kabupaten Banjarnegara","https://spse.inaproc.id/banjarnegarakab","https://lpse.banjarnegarakab.go.id"
"Kab. Banjar > LPSE Kabupaten Banjar","https://spse.inaproc.id/banjarkab","https://lpse.banjarkab.go.id"
"Kab. Bangli > LPSE Kabupaten Bangli","https://spse.inaproc.id/banglikab","https://lpse.banglikab.go.id"
"Kab. Bangkalan > LPSE Kabupaten Bangkalan","https://spse.inaproc.id/bangkalankab","https://lpse.bangkalankab.go.id"
"Kab. Bangka Tengah > LPSE Kabupaten Bangka Tengah","https://spse.inaproc.id/bangkatengahkab","https://lpse.bangkatengahkab.go.id"
"Kab. Bangka Selatan > LPSE Kabupaten Bangka Selatan","https://spse.inaproc.id/bangkaselatankab","https://lpse.bangkaselatankab.go.id"
"Kab. Bangka Barat > LPSE Kabupaten Bangka Barat","https://spse.inaproc.id/bangkabaratkab","https://lpse.bangkabaratkab.go.id"
"Kab. Bangka > LPSE Kabupaten Bangka","https://spse.inaproc.id/bangka","https://lpse.bangka.go.id"
"Kab. Banggai Laut > LPSE Kabupaten Banggai Laut","https://spse.inaproc.id/banggailautkab","https://lpse.banggailautkab.go.id"
"Kab. Banggai Kepulauan > LPSE Kabupaten Banggai Kepulauan","https://spse.inaproc.id/banggaikep","https://lpse.banggaikep.go.id"
"Kab. Banggai > LPSE Kabupaten Banggai","https://spse.inaproc.id/banggaikab","https://lpse.banggaikab.go.id"
"Kab. Bandung Barat > LPSE Kabupaten Bandung Barat","https://spse.inaproc.id/bandungbaratkab","https://lpse.bandungbaratkab.go.id"
"Kab. Bandung > LPSE Kabupaten Bandung","https://spse.inaproc.id/bandungkab","https://lpse.bandungkab.go.id"
"Kab. Balangan > LPSE Kabupaten Balangan","https://spse.inaproc.id/balangankab","https://lpse.balangankab.go.id"
"Kab. Badung > LPSE Kabupaten Badung","https://spse.inaproc.id/badungkab","https://lpse.badungkab.go.id"
"Kab. Asmat > LPSE Kabupaten Asmat","https://spse.inaproc.id/asmatkab","https://lpse.asmatkab.go.id"
"Kab. Asahan > LPSE Kabupaten Asahan","https://spse.inaproc.id/asahankab","https://lpse.asahankab.go.id"
"Kab. Alor > LPSE Kabupaten Alor","https://spse.inaproc.id/alorkab","https://lpse.alorkab.go.id"
"Kab. Agam > LPSE Kabupaten Agam","https://spse.inaproc.id/agamkab","https://lpse.agamkab.go.id"
"Kab. Aceh Utara > LPSE Kabupaten Aceh Utara","https://spse.inaproc.id/acehutara","https://lpse.acehutara.go.id"
"Kab. Aceh Timur > LPSE Kabupaten Aceh Timur","https://spse.inaproc.id/acehtimurkab","https://lpse.acehtimurkab.go.id"
"Kab. Aceh Tenggara > LPSE Kabupaten Aceh Tenggara","https://spse.inaproc.id/acehtenggarakab","https://lpse.acehtenggarakab.go.id"
"Kab. Aceh Tengah > LPSE Kabupaten Aceh Tengah","https://spse.inaproc.id/acehtengahkab","https://lpse.acehtengahkab.go.id"
"Kab. Aceh Tamiang > LPSE Kabupaten Aceh Tamiang","https://spse.inaproc.id/acehtamiangkab","https://lpse.acehtamiangkab.go.id"
"Kab. Aceh Singkil > LPSE Kabupaten Aceh Singkil","https://spse.inaproc.id/acehsingkilkab","https://lpse.acehsingkilkab.go.id"
"Kab. Aceh Selatan > LPSE Kabupaten Aceh Selatan","https://spse.inaproc.id/acehselatankab","https://lpse.acehselatankab.go.id"
"Kab. Aceh Jaya > LPSE Kabupaten Aceh Jaya","https://spse.inaproc.id/acehjayakab","https://lpse.acehjayakab.go.id"
"Kab. Aceh Besar > LPSE Kabupaten Aceh Besar","https://spse.inaproc.id/acehbesarkab","https://lpse.acehbesarkab.go.id"
"Kab. Aceh Barat Daya > LPSE Kabupaten Aceh Barat Daya","https://spse.inaproc.id/acehbaratdayakab","https://lpse.acehbaratdayakab.go.id"
"Kab. Aceh Barat > LPSE Kabupaten Aceh Barat","https://spse.inaproc.id/acehbaratkab","https://lpse.acehbaratkab.go.id"
"Dewan Perwakilan Rakyat > LPSE Dewan Perwakilan Rakyat Republik Indonesia","https://spse.inaproc.id/dpr","https://lpse.dpr.go.id"
"Dewan Perwakilan Daerah > LPSE Sekretariat Jenderal Dewan Perwakilan Daerah Republik Indonesia","https://spse.inaproc.id/dpd","https://lpse.dpd.go.id"
"Bendahara Umum Negara (Kementerian Keuangan) Total > LPSE Provinsi Papua","https://spse.inaproc.id/papua","https://lpse.papua.go.id"
"Bendahara Umum Negara (Kementerian Keuangan) Total > LPSE Lembaga Kebijakan Pengadaan Barang/Jasa Pemerintah","https://spse.inaproc.id/lkpp","https://lpse.lkpp.go.id"
"Bendahara Umum Negara (Kementerian Keuangan) Total > LPSE Kementerian Keuangan","https://spse.inaproc.id/kemenkeu","https://lpse.kemenkeu.go.id"
"Badan Standardisasi Nasional > LPSE Badan Riset dan Inovasi Nasional","https://spse.inaproc.id/brin","https://lpse.brin.go.id"
"Badan Siber dan Sandi Negara > LPSE Badan Siber dan Sandi Negara","https://spse.inaproc.id/bssn","https://lpse.bssn.go.id"
"Badan Riset dan Inovasi Nasional > LPSE Badan Riset dan Inovasi Nasional","https://spse.inaproc.id/brin","https://lpse.brin.go.id"
"Badan Pusat Statistik > LPSE Badan Pusat Statistik","https://spse.inaproc.id/bps","https://lpse.bps.go.id"
"Kementerian Pelindungan Pekerja Migran Indonesia > LPSE Kementerian Pelindungan Pekerja Migran Indonesia","https://spse.inaproc.id/kp2mi","https://lpse.bp2mi.go.id"
"Badan Pengusahaan Kawasan Perdagangan Bebas Dan Pelabuhan Bebas Sabang > LPSE Kementerian Keuangan","https://spse.inaproc.id/kemenkeu","https://lpse.kemenkeu.go.id"
"Badan Pengusahaan Kawasan Perdagangan Bebas Dan Pelabuhan Bebas Batam > LPSE Badan Pengusaha Batam","https://spse.inaproc.id/bpbatam","https://lpse.bpbatam.go.id"
"Badan Pengusahaan Kawasan Perdagangan Bebas Dan Pelabuhan Bebas Batam (984423) > LPSE Badan Pengusaha Batam","https://spse.inaproc.id/bpbatam","https://lpse.bpbatam.go.id"
"Badan Pengawasan Keuangan Dan Pembangunan > LPSE Badan Pengawasan Keuangan dan Pembangunan (BPKP)","https://spse.inaproc.id/bpkp","https://lpse.bpkp.go.id"
"Badan Pengawas Obat Dan Makanan > LPSE Badan Pengawas Obat dan Makanan","https://spse.inaproc.id/pom","https://lpse.pom.go.id"
"Badan Pemeriksa Keuangan > LPSE Kementerian Keuangan","https://spse.inaproc.id/kemenkeu","https://lpse.kemenkeu.go.id"
"Badan Pembinaan Ideologi Pancasila > SPSE Nasional","https://spse.inaproc.id/nasional","https://spse.lkpp.go.id"
"Badan Nasional Pencarian dan Pertolongan > LPSE Badan Nasional Pencarian dan Pertolongan (BASARNAS)","https://spse.inaproc.id/basarnas","https://lpse.basarnas.go.id"
"Badan Nasional Penanggulangan Terorisme > LPSE Badan Nasional Penanggulangan Terorisme","https://spse.inaproc.id/bnpt","https://lpse.bnpt.go.id"
"Badan Nasional Penanggulangan Bencana > LPSE Badan Nasional Penanggulangan Bencana","https://spse.inaproc.id/bnpb","https://lpse.bnpb.go.id"
"Badan Narkotika Nasional > LPSE Badan Narkotika Nasional","https://spse.inaproc.id/bnn","https://lpse.bnn.go.id"
"Badan Meteorologi, Klimatologi Dan Geofisika > LPSE Badan Meteorologi, Klimatologi dan Geofisika","https://spse.inaproc.id/bmkg","https://lpse.bmkg.go.id"
"Kementerian Kependudukan dan Pembangunan Keluarga > LPSE BKKBN","https://spse.inaproc.id/kemendukbangga","https://lpse.bkkbn.go.id"
"Badan Kepegawaian Negara > LPSE Badan Kepegawaian Negara","https://spse.inaproc.id/bkn","https://lpse.bkn.go.id"
"Badan Keamanan Laut > LPSE Badan Keamanan Laut","https://spse.inaproc.id/bakamla","https://lpse.bakamla.go.id"
"Badan Informasi Geospasial > LPSE Badan Informasi Geospasial","https://spse.inaproc.id/big","https://lpse.big.go.id"
"Arsip Nasional Republik Indonesia > LPSE Kementerian Keuangan","https://spse.inaproc.id/kemenkeu","https://lpse.kemenkeu.go.id"
"Aceh > LPSE Provinsi Aceh","https://spse.inaproc.id/acehprov","https://lpse.acehprov.go.id"
"Kota Kotamobagu > LPSE Kota Kotamobagu","https://spse.inaproc.id/kotamobagu","https://lpse.kotamobagu.go.id"
"Badan Pangan Nasional > LPSE Badan Pangan Nasional","https://spse.inaproc.id/badanpangan","https://lpse.badanpangan.go.id"
"Dewan Pertahanan Nasional > LPSE Dewan Pertahanan Nasional","https://spse.inaproc.id/wantannas","https://lpse.wantannas.go.id"
"Kementerian Koordinator Bidang Politik dan Keamanan > LPSE Kementerian Koordinator Bidang Politik, Hukum, dan Keamanan","https://spse.inaproc.id/polkam","https://lpse.polkam.go.id"
"Kabupaten Paniai > LPSE Kabupaten Paniai","https://spse.inaproc.id/paniaikab","https://lpse.paniaikab.go.id"
"Kabupaten Nduga > LPSE Kabupaten Nduga","https://spse.inaproc.id/ndugakab","https://lpse.ndugakab.go.id"
"Badan Karantina Indonesia > LPSE Badan Karantina Indonesia","https://spse.inaproc.id/karantinaindonesia","https://lpse.karantinaindonesia.go.id"
"Badan Nasional Pengelola Perbatasan > LPSE Badan Nasional Pengelola Perbatasan","https://spse.inaproc.id/bnpp","https://lpse.bnpp.go.id"
"Badan Intelijen Negara > LPSE Badan Intelijen Negara","https://spse.inaproc.id/bin","https://lpse.bin.go.id"
"Kementerian Imigrasi dan Pemasyarakatan > SPSE Nasional","https://spse.inaproc.id/nasional","https://spse.lkpp.go.id"
"Kabupaten Waropen > SPSE Nasional","https://spse.inaproc.id/nasional","https://spse.lkpp.go.id"
"Kementerian Koordinator Bidang Hukum, Hak Asasi Manusia, Imigrasi, dan Pemasyarakatan > SPSE Nasional","https://spse.inaproc.id/nasional","https://spse.lkpp.go.id"
"Kementerian Koperasi > SPSE Nasional","https://spse.inaproc.id/nasional","https://spse.lkpp.go.id"
"Kementerian Usaha Mikro, Kecil dan Menengah > SPSE Nasional","https://spse.inaproc.id/nasional","https://spse.lkpp.go.id"
"Badan Penyelenggara Jaminan Produk Halal > SPSE Nasional","https://spse.inaproc.id/nasional","https://spse.lkpp.go.id"
"Kementerian Pendidikan Tinggi, Sains, dan Teknologi > SPSE Nasional","https://spse.inaproc.id/nasional","https://spse.lkpp.go.id"
"Kementerian Perumahan dan Kawasan Permukiman > SPSE Nasional","https://spse.inaproc.id/nasional","https://spse.lkpp.go.id"
"Kementerian Lingkungan Hidup/Badan Pengendalian Lingkungan Hidup > SPSE Nasional","https://spse.inaproc.id/nasional","https://spse.lkpp.go.id"
"Kementerian Kebudayaan > SPSE Nasional","https://spse.inaproc.id/nasional","https://spse.lkpp.go.id"
"Kementerian Ekonomi Kreatif/Badan Ekonomi Kreatif > SPSE Nasional","https://spse.inaproc.id/nasional","https://spse.lkpp.go.id"
"Kementerian Transmigrasi > SPSE Nasional","https://spse.inaproc.id/nasional","https://spse.lkpp.go.id"
"Pemerintah Kabupaten Yalimo > SPSE Nasional","https://spse.inaproc.id/nasional","https://spse.lkpp.go.id"
"Badan Gizi Nasional > SPSE Nasional","https://spse.inaproc.id/nasional","https://spse.lkpp.go.id"
"Kementerian Koordinator Bidang Pemberdayaan Masyarakat > SPSE Nasional","https://spse.inaproc.id/nasional","https://spse.lkpp.go.id"
"Kementerian Koordinator Bidang Pangan RI > SPSE Nasional","https://spse.inaproc.id/nasional","https://spse.lkpp.go.id"
"Pemerintah Provinsi Papua Barat Daya > SPSE Nasional","https://spse.inaproc.id/nasional","https://spse.lkpp.go.id"
"Kementerian Pendidikan, Kebudayaan, Riset, dan Teknologi > SPSE Nasional","https://spse.inaproc.id/nasional","https://spse.lkpp.go.id"
"Universitas Andalas > Universitas Andalas","https://spse.inaproc.id/unand","https://lpse.unand.ac.id/"
"Kementerian Hak Asasi Manusia > LPSE HAM RI","https://spse.inaproc.id/kemenkum","https://spse.lkpp.go.id"
"Kementerian Haji dan Umrah > SPSE Nasional","https://spse.inaproc.id/nasional","https://spse.lkpp.go.id"
"Kementerian Lingkungan Hidup > LPSE Kementerian Lingkungan Hidup","https://spse.inaproc.id/kehutanan","https://spse.lkpp.go.id"
"Badan Percepatan Pengentasan Kemiskinan > SPSE Nasional","https://spse.inaproc.id/nasional","https://spse.lkpp.go.id"
"Badan Pengelola Investasi Daya Anagata Nusantara > SPSE Nasional","https://spse.inaproc.id/nasional","https://spse.lkpp.go.id"